{
  "variants": {
    "": [
      {"model": "block/variated/flowers/oxeye_daisy/oxeye_daisy_0", "y":0, "weight":1},
      {"model": "block/variated/flowers/oxeye_daisy/oxeye_daisy_1", "y":0, "weight":1},
      {"model": "block/variated/flowers/oxeye_daisy/oxeye_daisy_0", "y":90, "weight":1},
      {"model": "block/variated/flowers/oxeye_daisy/oxeye_daisy_1", "y":90, "weight":1},
      {"model": "block/variated/flowers/oxeye_daisy/oxeye_daisy_0", "y":180, "weight":1},
      {"model": "block/variated/flowers/oxeye_daisy/oxeye_daisy_1", "y":180, "weight":1},
      {"model": "block/variated/flowers/oxeye_daisy/oxeye_daisy_0", "y":270, "weight":1},
      {"model": "block/variated/flowers/oxeye_daisy/oxeye_daisy_1", "y":270, "weight":1}
    ]
  }
}