{
  "variants": {
    "": [
      {"model": "block/variated/flowers/poppy/poppy_0", "y":0, "weight":1},
      {"model": "block/variated/flowers/poppy/poppy_1", "y":0, "weight":1},
      {"model": "block/variated/flowers/poppy/poppy_2", "y":0, "weight":1},
      {"model": "block/variated/flowers/poppy/poppy_3", "y":0, "weight":1},
      {"model": "block/variated/flowers/poppy/poppy_4", "y":0, "weight":1},
      {"model": "block/variated/flowers/poppy/poppy_0", "y":90, "weight":1},
      {"model": "block/variated/flowers/poppy/poppy_1", "y":90, "weight":1},
      {"model": "block/variated/flowers/poppy/poppy_2", "y":90, "weight":1},
      {"model": "block/variated/flowers/poppy/poppy_3", "y":90, "weight":1},
      {"model": "block/variated/flowers/poppy/poppy_4", "y":90, "weight":1},
      {"model": "block/variated/flowers/poppy/poppy_0", "y":180, "weight":1},
      {"model": "block/variated/flowers/poppy/poppy_1", "y":180, "weight":1},
      {"model": "block/variated/flowers/poppy/poppy_2", "y":180, "weight":1},
      {"model": "block/variated/flowers/poppy/poppy_3", "y":180, "weight":1},
      {"model": "block/variated/flowers/poppy/poppy_4", "y":180, "weight":1},
      {"model": "block/variated/flowers/poppy/poppy_0", "y":270, "weight":1},
      {"model": "block/variated/flowers/poppy/poppy_1", "y":270, "weight":1},
      {"model": "block/variated/flowers/poppy/poppy_2", "y":270, "weight":1},
      {"model": "block/variated/flowers/poppy/poppy_3", "y":270, "weight":1},
      {"model": "block/variated/flowers/poppy/poppy_4", "y":270, "weight":1}
    ]
  }
}