{
  "variants": {
    "dusted=0": [
      {"model": "minecraft:block/suspicious_sand_0" },
      {"model": "minecraft:block/suspicious_sand_0", "y": 90 },
      {"model": "minecraft:block/suspicious_sand_0", "y": 180 },
      {"model": "minecraft:block/suspicious_sand_0", "y": 270 },

      {"model": "minecraft:block/suspicious_sand_0", "x": 90 },
      {"model": "minecraft:block/suspicious_sand_0", "y": 90 , "x": 90},
      {"model": "minecraft:block/suspicious_sand_0", "y": 180 , "x": 90},
      {"model": "minecraft:block/suspicious_sand_0", "y": 270 , "x": 90}

    ],
    "dusted=1": [
      {"model": "minecraft:block/suspicious_sand_1" },
      {"model": "minecraft:block/suspicious_sand_1", "y": 90 },
      {"model": "minecraft:block/suspicious_sand_1", "y": 180 },
      {"model": "minecraft:block/suspicious_sand_1", "y": 270 },

      {"model": "minecraft:block/suspicious_sand_1", "x": 90 },
      {"model": "minecraft:block/suspicious_sand_1", "y": 90 , "x": 90},
      {"model": "minecraft:block/suspicious_sand_1", "y": 180 , "x": 90},
      {"model": "minecraft:block/suspicious_sand_1", "y": 270 , "x": 90}
    ],
    "dusted=2": [
      {"model": "minecraft:block/suspicious_sand_2" },
      {"model": "minecraft:block/suspicious_sand_2", "y": 90 },
      {"model": "minecraft:block/suspicious_sand_2", "y": 180 },
      {"model": "minecraft:block/suspicious_sand_2", "y": 270 },

      {"model": "minecraft:block/suspicious_sand_2", "x": 90 },
      {"model": "minecraft:block/suspicious_sand_2", "y": 90 , "x": 90},
      {"model": "minecraft:block/suspicious_sand_2", "y": 180 , "x": 90},
      {"model": "minecraft:block/suspicious_sand_2", "y": 270 , "x": 90}
    ],
    "dusted=3": [
      {"model": "minecraft:block/suspicious_sand_3" },
      {"model": "minecraft:block/suspicious_sand_3", "y": 90 },
      {"model": "minecraft:block/suspicious_sand_3", "y": 180 },
      {"model": "minecraft:block/suspicious_sand_3", "y": 270 },

      {"model": "minecraft:block/suspicious_sand_3", "x": 90 },
      {"model": "minecraft:block/suspicious_sand_3", "y": 90 , "x": 90},
      {"model": "minecraft:block/suspicious_sand_3", "y": 180 , "x": 90},
      {"model": "minecraft:block/suspicious_sand_3", "y": 270 , "x": 90}
    ]
  }
}