{
	"credit": "Made By Pancake",
	"parent": "block/block",
	"ambientocclusion": false,
	"textures": {
		"particle": "block/glass",
		"glass": "block/glass",
		"obsidian": "block/obsidian",
		"beacon": "block/beacon"
	},
	"elements": [
		{
			"name": "Glass shell",
			"from": [15, 0, 0],
			"to": [16, 16, 1],
			"rotation": {"angle": 0, "axis": "y", "origin": [15, 0, 0]},
			"faces": {
				"north": {"uv": [0, 0, 1, 16], "texture": "#glass"},
				"east": {"uv": [15, 0, 16, 16], "texture": "#glass"},
				"south": {"uv": [8, 8, 8, 8], "texture": "#glass"},
				"west": {"uv": [8, 8, 8, 8], "texture": "#glass"},
				"up": {"uv": [0, 15, 1, 16], "texture": "#glass"},
				"down": {"uv": [0, 0, 1, 1], "texture": "#glass"}
			}
		},
		{
			"name": "Glass shell",
			"from": [15, 0, 15],
			"to": [16, 16, 16],
			"rotation": {"angle": 0, "axis": "y", "origin": [15, 0, 15]},
			"faces": {
				"north": {"uv": [8, 8, 8, 8], "texture": "#glass"},
				"east": {"uv": [0, 0, 1, 16], "texture": "#glass"},
				"south": {"uv": [15, 0, 16, 16], "texture": "#glass"},
				"west": {"uv": [8, 8, 8, 8], "texture": "#glass"},
				"up": {"uv": [0, 0, 1, 1], "texture": "#glass"},
				"down": {"uv": [0, 15, 1, 16], "texture": "#glass"}
			}
		},
		{
			"name": "Glass shell",
			"from": [0, 0, 0],
			"to": [1, 16, 1],
			"faces": {
				"north": {"uv": [15, 0, 16, 16], "texture": "#glass"},
				"east": {"uv": [8, 8, 8, 8], "texture": "#glass"},
				"south": {"uv": [8, 8, 8, 8], "texture": "#glass"},
				"west": {"uv": [0, 0, 1, 16], "texture": "#glass"},
				"up": {"uv": [15, 15, 16, 16], "texture": "#glass"},
				"down": {"uv": [15, 0, 16, 1], "texture": "#glass"}
			}
		},
		{
			"name": "Glass shell",
			"from": [0, 0, 15],
			"to": [1, 16, 16],
			"rotation": {"angle": 0, "axis": "y", "origin": [0, 0, 15]},
			"faces": {
				"north": {"uv": [8, 8, 8, 8], "texture": "#glass"},
				"east": {"uv": [8, 8, 8, 8], "texture": "#glass"},
				"south": {"uv": [0, 0, 1, 16], "texture": "#glass"},
				"west": {"uv": [15, 0, 16, 16], "texture": "#glass"},
				"up": {"uv": [15, 0, 16, 1], "texture": "#glass"},
				"down": {"uv": [15, 15, 16, 16], "texture": "#glass"}
			}
		},
		{
			"name": "Glass shell",
			"from": [1, 0, 0],
			"to": [15, 1, 1],
			"rotation": {"angle": 0, "axis": "y", "origin": [14, 0, 0]},
			"faces": {
				"north": {"uv": [1, 15, 15, 16], "texture": "#glass"},
				"east": {"uv": [8, 8, 8, 8], "texture": "#glass"},
				"south": {"uv": [8, 8, 8, 8], "texture": "#glass"},
				"west": {"uv": [8, 8, 8, 8], "texture": "#glass"},
				"up": {"uv": [8, 8, 8, 8], "texture": "#glass"},
				"down": {"uv": [1, 0, 15, 1], "texture": "#glass"}
			}
		},
		{
			"name": "Glass shell",
			"from": [1, 0, 15],
			"to": [15, 1, 16],
			"rotation": {"angle": 0, "axis": "y", "origin": [14, 0, 15]},
			"faces": {
				"north": {"uv": [8, 8, 8, 8], "texture": "#glass"},
				"east": {"uv": [8, 8, 8, 8], "texture": "#glass"},
				"south": {"uv": [1, 15, 15, 16], "texture": "#glass"},
				"west": {"uv": [8, 8, 8, 8], "texture": "#glass"},
				"up": {"uv": [8, 8, 8, 8], "texture": "#glass"},
				"down": {"uv": [1, 15, 15, 16], "texture": "#glass"}
			}
		},
		{
			"name": "Glass shell",
			"from": [1, 15, 15],
			"to": [15, 16, 16],
			"rotation": {"angle": 0, "axis": "y", "origin": [14, 15, 15]},
			"faces": {
				"north": {"uv": [8, 8, 8, 8], "texture": "#glass"},
				"east": {"uv": [8, 8, 8, 8], "texture": "#glass"},
				"south": {"uv": [1, 0, 15, 1], "texture": "#glass"},
				"west": {"uv": [8, 8, 8, 8], "texture": "#glass"},
				"up": {"uv": [1, 1, 15, 0], "rotation": 180, "texture": "#glass"},
				"down": {"uv": [8, 8, 8, 8], "texture": "#glass"}
			}
		},
		{
			"name": "Glass shell",
			"from": [1, 15, 0],
			"to": [15, 16, 1],
			"rotation": {"angle": 0, "axis": "y", "origin": [14, 15, 0]},
			"faces": {
				"north": {"uv": [1, 0, 15, 1], "texture": "#glass"},
				"east": {"uv": [8, 8, 8, 8], "texture": "#glass"},
				"south": {"uv": [8, 8, 8, 8], "texture": "#glass"},
				"west": {"uv": [8, 8, 8, 8], "texture": "#glass"},
				"up": {"uv": [1, 16, 15, 15], "rotation": 180, "texture": "#glass"},
				"down": {"uv": [8, 8, 8, 8], "texture": "#glass"}
			}
		},
		{
			"name": "Glass shell",
			"from": [15, 15, 1],
			"to": [16, 16, 15],
			"rotation": {"angle": 0, "axis": "y", "origin": [15, 15, 8]},
			"faces": {
				"north": {"uv": [8, 8, 8, 8], "texture": "#glass"},
				"east": {"uv": [1, 0, 15, 1], "texture": "#glass"},
				"south": {"uv": [8, 8, 8, 8], "texture": "#glass"},
				"west": {"uv": [8, 8, 8, 8], "texture": "#glass"},
				"up": {"uv": [0, 15, 1, 1], "texture": "#glass"},
				"down": {"uv": [8, 8, 8, 8], "texture": "#glass"}
			}
		},
		{
			"name": "Glass shell",
			"from": [15, 0, 1],
			"to": [16, 1, 15],
			"rotation": {"angle": 0, "axis": "y", "origin": [15, 0, 8]},
			"faces": {
				"north": {"uv": [8, 8, 8, 8], "texture": "#glass"},
				"east": {"uv": [1, 15, 15, 16], "texture": "#glass"},
				"south": {"uv": [8, 8, 8, 8], "texture": "#glass"},
				"west": {"uv": [8, 8, 8, 8], "texture": "#glass"},
				"up": {"uv": [8, 8, 8, 8], "texture": "#glass"},
				"down": {"uv": [0, 1, 1, 15], "rotation": 180, "texture": "#glass"}
			}
		},
		{
			"name": "Glass shell",
			"from": [0, 0, 1],
			"to": [1, 1, 15],
			"rotation": {"angle": 0, "axis": "y", "origin": [0, 0, 8]},
			"faces": {
				"north": {"uv": [8, 8, 8, 8], "texture": "#glass"},
				"east": {"uv": [8, 8, 8, 8], "texture": "#glass"},
				"south": {"uv": [8, 8, 8, 8], "texture": "#glass"},
				"west": {"uv": [1, 15, 15, 16], "texture": "#glass"},
				"up": {"uv": [8, 8, 8, 8], "texture": "#glass"},
				"down": {"uv": [15, 1, 16, 15], "rotation": 180, "texture": "#glass"}
			}
		},
		{
			"name": "Glass shell",
			"from": [0, 15, 1],
			"to": [1, 16, 15],
			"rotation": {"angle": 0, "axis": "y", "origin": [0, 15, 8]},
			"faces": {
				"north": {"uv": [8, 8, 8, 8], "texture": "#glass"},
				"east": {"uv": [8, 8, 8, 8], "texture": "#glass"},
				"south": {"uv": [8, 8, 8, 8], "texture": "#glass"},
				"west": {"uv": [1, 0, 15, 1], "texture": "#glass"},
				"up": {"uv": [15, 1, 16, 15], "rotation": 180, "texture": "#glass"},
				"down": {"uv": [8, 8, 8, 8], "rotation": 180, "texture": "#glass"}
			}
		},
		{
			"name": "Glass shell",
			"from": [2, 11, 16],
			"to": [3, 14, 16],
			"rotation": {"angle": 0, "axis": "y", "origin": [1, 12, 16]},
			"faces": {
				"north": {"uv": [8, 8, 8, 8], "texture": "#glass"},
				"east": {"uv": [8, 8, 8, 8], "texture": "#glass"},
				"south": {"uv": [2, 2, 3, 5], "texture": "#glass"},
				"west": {"uv": [8, 8, 8, 8], "texture": "#glass"},
				"up": {"uv": [8, 8, 8, 8], "texture": "#glass"},
				"down": {"uv": [8, 8, 8, 8], "texture": "#glass"}
			}
		},
		{
			"name": "Glass shell",
			"from": [11, 13, 0],
			"to": [13, 14, 0],
			"rotation": {"angle": 0, "axis": "y", "origin": [10, 12, 0]},
			"faces": {
				"north": {"uv": [3, 2, 5, 3], "texture": "#glass"},
				"east": {"uv": [8, 8, 8, 8], "texture": "#glass"},
				"south": {"uv": [8, 8, 8, 8], "texture": "#glass"},
				"west": {"uv": [8, 8, 8, 8], "texture": "#glass"},
				"up": {"uv": [8, 8, 8, 8], "texture": "#glass"},
				"down": {"uv": [8, 8, 8, 8], "texture": "#glass"}
			}
		},
		{
			"name": "Glass shell",
			"from": [11, 16, 13],
			"to": [13, 16, 14],
			"rotation": {"angle": 0, "axis": "y", "origin": [10, 14, 14]},
			"faces": {
				"north": {"uv": [8, 8, 8, 8], "texture": "#glass"},
				"east": {"uv": [8, 8, 8, 8], "texture": "#glass"},
				"south": {"uv": [8, 8, 8, 8], "texture": "#glass"},
				"west": {"uv": [8, 8, 8, 8], "texture": "#glass"},
				"up": {"uv": [3, 2, 5, 3], "rotation": 180, "texture": "#glass"},
				"down": {"uv": [8, 8, 8, 8], "texture": "#glass"}
			}
		},
		{
			"name": "Glass shell",
			"from": [3, 0, 13],
			"to": [6, 0, 14],
			"rotation": {"angle": 0, "axis": "y", "origin": [2, -2, 14]},
			"faces": {
				"north": {"uv": [8, 8, 8, 8], "texture": "#glass"},
				"east": {"uv": [8, 8, 8, 8], "texture": "#glass"},
				"south": {"uv": [8, 8, 8, 8], "texture": "#glass"},
				"west": {"uv": [8, 8, 8, 8], "texture": "#glass"},
				"up": {"uv": [8, 8, 8, 8], "texture": "#glass"},
				"down": {"uv": [10, 13, 13, 14], "rotation": 180, "texture": "#glass"}
			}
		},
		{
			"name": "Glass shell",
			"from": [2, 0, 10],
			"to": [3, 0, 14],
			"rotation": {"angle": 0, "axis": "y", "origin": [0, -2, 13]},
			"faces": {
				"north": {"uv": [8, 8, 8, 8], "texture": "#glass"},
				"east": {"uv": [8, 8, 8, 8], "texture": "#glass"},
				"south": {"uv": [8, 8, 8, 8], "texture": "#glass"},
				"west": {"uv": [8, 8, 8, 8], "texture": "#glass"},
				"up": {"uv": [8, 8, 8, 8], "rotation": 180, "texture": "#glass"},
				"down": {"uv": [13, 10, 14, 14], "rotation": 180, "texture": "#glass"}
			}
		},
		{
			"name": "Glass shell",
			"from": [13, 0, 2],
			"to": [14, 0, 5],
			"rotation": {"angle": 0, "axis": "y", "origin": [11, -2, 5]},
			"faces": {
				"north": {"uv": [8, 8, 8, 8], "texture": "#glass"},
				"east": {"uv": [8, 8, 8, 8], "texture": "#glass"},
				"south": {"uv": [8, 8, 8, 8], "texture": "#glass"},
				"west": {"uv": [8, 8, 8, 8], "texture": "#glass"},
				"up": {"uv": [8, 8, 8, 8], "texture": "#glass"},
				"down": {"uv": [2, 2, 3, 5], "rotation": 180, "texture": "#glass"}
			}
		},
		{
			"name": "Glass shell",
			"from": [11, 0, 2],
			"to": [13, 0, 3],
			"rotation": {"angle": 0, "axis": "y", "origin": [10, -2, 3]},
			"faces": {
				"north": {"uv": [8, 8, 8, 8], "texture": "#glass"},
				"east": {"uv": [8, 8, 8, 8], "texture": "#glass"},
				"south": {"uv": [8, 8, 8, 8], "texture": "#glass"},
				"west": {"uv": [8, 8, 8, 8], "texture": "#glass"},
				"up": {"uv": [8, 8, 8, 8], "texture": "#glass"},
				"down": {"uv": [3, 2, 5, 3], "rotation": 180, "texture": "#glass"}
			}
		},
		{
			"name": "Glass shell",
			"from": [13, 16, 11],
			"to": [14, 16, 14],
			"rotation": {"angle": 0, "axis": "y", "origin": [11, 14, 14]},
			"faces": {
				"north": {"uv": [8, 8, 8, 8], "texture": "#glass"},
				"east": {"uv": [8, 8, 8, 8], "texture": "#glass"},
				"south": {"uv": [8, 8, 8, 8], "texture": "#glass"},
				"west": {"uv": [8, 8, 8, 8], "texture": "#glass"},
				"up": {"uv": [2, 2, 3, 5], "rotation": 180, "texture": "#glass"},
				"down": {"uv": [8, 8, 8, 8], "texture": "#glass"}
			}
		},
		{
			"name": "Glass shell",
			"from": [2, 16, 2],
			"to": [3, 16, 6],
			"rotation": {"angle": 0, "axis": "y", "origin": [0, 14, 5]},
			"faces": {
				"north": {"uv": [8, 8, 8, 8], "texture": "#glass"},
				"east": {"uv": [8, 8, 8, 8], "texture": "#glass"},
				"south": {"uv": [8, 8, 8, 8], "texture": "#glass"},
				"west": {"uv": [8, 8, 8, 8], "texture": "#glass"},
				"up": {"uv": [13, 10, 14, 14], "rotation": 180, "texture": "#glass"},
				"down": {"uv": [8, 8, 8, 8], "texture": "#glass"}
			}
		},
		{
			"name": "Glass shell",
			"from": [3, 16, 2],
			"to": [6, 16, 3],
			"rotation": {"angle": 0, "axis": "y", "origin": [2, 14, 3]},
			"faces": {
				"north": {"uv": [8, 8, 8, 8], "texture": "#glass"},
				"east": {"uv": [8, 8, 8, 8], "texture": "#glass"},
				"south": {"uv": [8, 8, 8, 8], "texture": "#glass"},
				"west": {"uv": [8, 8, 8, 8], "texture": "#glass"},
				"up": {"uv": [10, 13, 13, 14], "rotation": 180, "texture": "#glass"},
				"down": {"uv": [8, 8, 8, 8], "texture": "#glass"}
			}
		},
		{
			"name": "Glass shell",
			"from": [3, 13, 16],
			"to": [5, 14, 16],
			"rotation": {"angle": 0, "axis": "y", "origin": [2, 12, 16]},
			"faces": {
				"north": {"uv": [8, 8, 8, 8], "texture": "#glass"},
				"east": {"uv": [8, 8, 8, 8], "texture": "#glass"},
				"south": {"uv": [3, 2, 5, 3], "texture": "#glass"},
				"west": {"uv": [8, 8, 8, 8], "texture": "#glass"},
				"up": {"uv": [8, 8, 8, 8], "texture": "#glass"},
				"down": {"uv": [8, 8, 8, 8], "texture": "#glass"}
			}
		},
		{
			"name": "Glass shell",
			"from": [10, 2, 16],
			"to": [13, 3, 16],
			"rotation": {"angle": 0, "axis": "y", "origin": [10, 1, 16]},
			"faces": {
				"north": {"uv": [8, 8, 8, 8], "texture": "#glass"},
				"east": {"uv": [8, 8, 8, 8], "texture": "#glass"},
				"south": {"uv": [10, 13, 13, 14], "texture": "#glass"},
				"west": {"uv": [8, 8, 8, 8], "texture": "#glass"},
				"up": {"uv": [8, 8, 8, 8], "texture": "#glass"},
				"down": {"uv": [8, 8, 8, 8], "texture": "#glass"}
			}
		},
		{
			"name": "Glass shell",
			"from": [3, 2, 0],
			"to": [6, 3, 0],
			"rotation": {"angle": 0, "axis": "y", "origin": [3, 1, 0]},
			"faces": {
				"north": {"uv": [10, 13, 13, 14], "texture": "#glass"},
				"east": {"uv": [8, 8, 8, 8], "texture": "#glass"},
				"south": {"uv": [8, 8, 8, 8], "texture": "#glass"},
				"west": {"uv": [8, 8, 8, 8], "texture": "#glass"},
				"up": {"uv": [8, 8, 8, 8], "texture": "#glass"},
				"down": {"uv": [8, 8, 8, 8], "texture": "#glass"}
			}
		},
		{
			"name": "Glass shell",
			"from": [13, 11, 0],
			"to": [14, 14, 0],
			"rotation": {"angle": 0, "axis": "y", "origin": [12, 12, 0]},
			"faces": {
				"north": {"uv": [2, 2, 3, 5], "texture": "#glass"},
				"east": {"uv": [8, 8, 8, 8], "texture": "#glass"},
				"south": {"uv": [8, 8, 8, 8], "texture": "#glass"},
				"west": {"uv": [8, 8, 8, 8], "texture": "#glass"},
				"up": {"uv": [8, 8, 8, 8], "texture": "#glass"},
				"down": {"uv": [8, 8, 8, 8], "texture": "#glass"}
			}
		},
		{
			"name": "Glass shell",
			"from": [16, 11, 13],
			"to": [16, 14, 14],
			"rotation": {"angle": 0, "axis": "y", "origin": [14, 12, 14]},
			"faces": {
				"north": {"uv": [8, 8, 8, 8], "texture": "#glass"},
				"east": {"uv": [2, 2, 3, 5], "texture": "#glass"},
				"south": {"uv": [8, 8, 8, 8], "texture": "#glass"},
				"west": {"uv": [8, 8, 8, 8], "texture": "#glass"},
				"up": {"uv": [8, 8, 8, 8], "texture": "#glass"},
				"down": {"uv": [8, 8, 8, 8], "texture": "#glass"}
			}
		},
		{
			"name": "Glass shell",
			"from": [16, 13, 11],
			"to": [16, 14, 13],
			"rotation": {"angle": 0, "axis": "y", "origin": [14, 12, 13]},
			"faces": {
				"north": {"uv": [8, 8, 8, 8], "texture": "#glass"},
				"east": {"uv": [3, 2, 5, 3], "texture": "#glass"},
				"south": {"uv": [8, 8, 8, 8], "texture": "#glass"},
				"west": {"uv": [8, 8, 8, 8], "texture": "#glass"},
				"up": {"uv": [8, 8, 8, 8], "texture": "#glass"},
				"down": {"uv": [8, 8, 8, 8], "texture": "#glass"}
			}
		},
		{
			"name": "Glass shell",
			"from": [0, 2, 10],
			"to": [0, 3, 13],
			"rotation": {"angle": 0, "axis": "y", "origin": [-2, 1, 12]},
			"faces": {
				"north": {"uv": [8, 8, 8, 8], "texture": "#glass"},
				"east": {"uv": [8, 8, 8, 8], "texture": "#glass"},
				"south": {"uv": [8, 8, 8, 8], "texture": "#glass"},
				"west": {"uv": [10, 13, 13, 14], "texture": "#glass"},
				"up": {"uv": [8, 8, 8, 8], "texture": "#glass"},
				"down": {"uv": [8, 8, 8, 8], "texture": "#glass"}
			}
		},
		{
			"name": "Glass shell",
			"from": [0, 13, 3],
			"to": [0, 14, 5],
			"rotation": {"angle": 0, "axis": "y", "origin": [-2, 12, 5]},
			"faces": {
				"north": {"uv": [8, 8, 8, 8], "texture": "#glass"},
				"east": {"uv": [8, 8, 8, 8], "texture": "#glass"},
				"south": {"uv": [8, 8, 8, 8], "texture": "#glass"},
				"west": {"uv": [3, 2, 5, 3], "texture": "#glass"},
				"up": {"uv": [8, 8, 8, 8], "texture": "#glass"},
				"down": {"uv": [8, 8, 8, 8], "texture": "#glass"}
			}
		},
		{
			"name": "Glass shell",
			"from": [16, 2, 3],
			"to": [16, 3, 6],
			"rotation": {"angle": 0, "axis": "y", "origin": [14, 1, 5]},
			"faces": {
				"north": {"uv": [8, 8, 8, 8], "texture": "#glass"},
				"east": {"uv": [10, 13, 13, 14], "texture": "#glass"},
				"south": {"uv": [8, 8, 8, 8], "texture": "#glass"},
				"west": {"uv": [8, 8, 8, 8], "texture": "#glass"},
				"up": {"uv": [8, 8, 8, 8], "texture": "#glass"},
				"down": {"uv": [8, 8, 8, 8], "texture": "#glass"}
			}
		},
		{
			"name": "Glass shell",
			"from": [16, 2, 2],
			"to": [16, 6, 3],
			"rotation": {"angle": 0, "axis": "y", "origin": [14, 3, 3]},
			"faces": {
				"north": {"uv": [8, 8, 8, 8], "texture": "#glass"},
				"east": {"uv": [13, 10, 14, 14], "texture": "#glass"},
				"south": {"uv": [8, 8, 8, 8], "texture": "#glass"},
				"west": {"uv": [8, 8, 8, 8], "texture": "#glass"},
				"up": {"uv": [8, 8, 8, 8], "texture": "#glass"},
				"down": {"uv": [8, 8, 8, 8], "texture": "#glass"}
			}
		},
		{
			"name": "Glass shell",
			"from": [0, 11, 2],
			"to": [0, 14, 3],
			"rotation": {"angle": 0, "axis": "y", "origin": [-2, 12, 3]},
			"faces": {
				"north": {"uv": [8, 8, 8, 8], "texture": "#glass"},
				"east": {"uv": [8, 8, 8, 8], "texture": "#glass"},
				"south": {"uv": [8, 8, 8, 8], "texture": "#glass"},
				"west": {"uv": [2, 2, 3, 5], "texture": "#glass"},
				"up": {"uv": [8, 8, 8, 8], "texture": "#glass"},
				"down": {"uv": [8, 8, 8, 8], "texture": "#glass"}
			}
		},
		{
			"name": "Glass shell",
			"from": [0, 2, 13],
			"to": [0, 6, 14],
			"rotation": {"angle": 0, "axis": "y", "origin": [-2, 3, 14]},
			"faces": {
				"north": {"uv": [8, 8, 8, 8], "texture": "#glass"},
				"east": {"uv": [8, 8, 8, 8], "texture": "#glass"},
				"south": {"uv": [8, 8, 8, 8], "texture": "#glass"},
				"west": {"uv": [13, 10, 14, 14], "texture": "#glass"},
				"up": {"uv": [8, 8, 8, 8], "texture": "#glass"},
				"down": {"uv": [8, 8, 8, 8], "texture": "#glass"}
			}
		},
		{
			"name": "Glass shell",
			"from": [2, 2, 0],
			"to": [3, 6, 0],
			"rotation": {"angle": 0, "axis": "y", "origin": [1, 3, 0]},
			"faces": {
				"north": {"uv": [13, 10, 14, 14], "texture": "#glass"},
				"east": {"uv": [8, 8, 8, 8], "texture": "#glass"},
				"south": {"uv": [8, 8, 8, 8], "texture": "#glass"},
				"west": {"uv": [8, 8, 8, 8], "texture": "#glass"},
				"up": {"uv": [8, 8, 8, 8], "texture": "#glass"},
				"down": {"uv": [8, 8, 8, 8], "texture": "#glass"}
			}
		},
		{
			"name": "Glass shell",
			"from": [13, 2, 16],
			"to": [14, 6, 16],
			"rotation": {"angle": 0, "axis": "y", "origin": [12, 3, 16]},
			"faces": {
				"north": {"uv": [8, 8, 8, 8], "texture": "#glass"},
				"east": {"uv": [8, 8, 8, 8], "texture": "#glass"},
				"south": {"uv": [13, 10, 14, 14], "texture": "#glass"},
				"west": {"uv": [8, 8, 8, 8], "texture": "#glass"},
				"up": {"uv": [8, 8, 8, 8], "texture": "#glass"},
				"down": {"uv": [8, 8, 8, 8], "texture": "#glass"}
			}
		},
		{
			"name": "Obsidian base",
			"from": [2, 0.1, 2],
			"to": [14, 3.1, 14],
			"faces": {
				"north": {"uv": [2, 13, 14, 16], "texture": "#obsidian"},
				"east": {"uv": [2, 13, 14, 16], "texture": "#obsidian"},
				"south": {"uv": [2, 13, 14, 16], "texture": "#obsidian"},
				"west": {"uv": [2, 13, 14, 16], "texture": "#obsidian"},
				"up": {"uv": [2, 2, 14, 14], "texture": "#obsidian"},
				"down": {"uv": [2, 2, 14, 14], "texture": "#obsidian"}
			}
		},
		{
			"name": "Inner beacon outline",
			"from": [13.5, 14.5, 13.5],
			"to": [2.5, 3.5, 2.5],
			"shade": false,
			"faces": {
				"north": {"uv": [0, 10, 1, 11], "texture": "#beacon"},
				"east": {"uv": [0, 10, 1, 11], "texture": "#beacon"},
				"south": {"uv": [0, 10, 1, 11], "texture": "#beacon"},
				"west": {"uv": [0, 10, 1, 11], "texture": "#beacon"},
				"up": {"uv": [0, 10, 1, 11], "texture": "#beacon"},
				"down": {"uv": [0, 10, 1, 11], "texture": "#beacon"}
			}
		},
		{
			"name": "Inner beacon",
			"from": [3, 4, 3],
			"to": [13, 14, 13],
			"faces": {
				"north": {"uv": [3, 3, 13, 13], "texture": "#beacon"},
				"east": {"uv": [3, 3, 13, 13], "texture": "#beacon"},
				"south": {"uv": [3, 3, 13, 13], "texture": "#beacon"},
				"west": {"uv": [3, 3, 13, 13], "texture": "#beacon"},
				"up": {"uv": [3, 3, 13, 13], "texture": "#beacon"},
				"down": {"uv": [3, 3, 13, 13], "texture": "#beacon"}
			}
		}
	],
	"description": "There is so many glass shell elements only because of shader compatibility reasons. Most shaders break the model because of transparency reasons so that's why there are so many glass shell elements"
}