{
	"credit": "Made with Blockbench",
	"ambientocclusion": false,
	"textures": {
		"slab": "block/smooth_stone",
		"particle": "block/comparator_on",
		"top": "block/comparator_on",
		"unlit": "block/redstone_torch_off",
		"lit": "block/redstone_torch"
	},
	"elements": [
		{
			"from": [0, 0, 0],
			"to": [16, 2, 16],
			"faces": {
				"north": {"uv": [0, 14, 16, 16], "texture": "#slab", "cullface": "north"},
				"east": {"uv": [0, 14, 16, 16], "texture": "#slab", "cullface": "east"},
				"south": {"uv": [0, 14, 16, 16], "texture": "#slab", "cullface": "south"},
				"west": {"uv": [0, 14, 16, 16], "texture": "#slab", "cullface": "west"},
				"up": {"uv": [0, 0, 16, 16], "texture": "#top"},
				"down": {"uv": [0, 0, 16, 16], "texture": "#slab", "cullface": "down"}
			}
		},
		{
			"from": [9.9, 4.9, 10.9],
			"to": [12.1, 7.1, 13.1],
			"shade": false,
			"rotation": {"angle": 0, "axis": "y", "origin": [10, 5, 11]},
			"faces": {
				"north": {"uv": [7, 5, 9, 7], "texture": "#lit"},
				"east": {"uv": [7, 5, 9, 7], "texture": "#lit"},
				"south": {"uv": [7, 5, 9, 7], "texture": "#lit"},
				"west": {"uv": [7, 5, 9, 7], "texture": "#lit"},
				"up": {"uv": [7, 3, 9, 5], "texture": "#lit"},
				"down": {"uv": [7, 5, 9, 7], "texture": "#lit"}
			}
		},
		{
			"from": [12.75, 7.75, 13.75],
			"to": [9.25, 4.25, 10.25],
			"shade": false,
			"light_emission": 15,
			"rotation": {"angle": 0, "axis": "y", "origin": [13, 8, 14]},
			"faces": {
				"north": {"uv": [0, 0, 4, 4], "rotation": 180, "texture": "#lit"},
				"east": {"uv": [0, 0, 4, 4], "rotation": 180, "texture": "#lit"},
				"south": {"uv": [0, 0, 4, 4], "rotation": 180, "texture": "#lit"},
				"west": {"uv": [0, 0, 4, 4], "rotation": 180, "texture": "#lit"},
				"up": {"uv": [1, 2, 3, 4], "rotation": 180, "texture": "#lit"},
				"down": {"uv": [1, 0, 3, 2], "rotation": 180, "texture": "#lit"}
			}
		},
		{
			"from": [3.9, 4.9, 10.9],
			"to": [6.1, 7.1, 13.1],
			"shade": false,
			"rotation": {"angle": 0, "axis": "y", "origin": [4, 5, 11]},
			"faces": {
				"north": {"uv": [7, 5, 9, 7], "texture": "#lit"},
				"east": {"uv": [7, 5, 9, 7], "texture": "#lit"},
				"south": {"uv": [7, 5, 9, 7], "texture": "#lit"},
				"west": {"uv": [7, 5, 9, 7], "texture": "#lit"},
				"up": {"uv": [7, 3, 9, 5], "texture": "#lit"},
				"down": {"uv": [7, 5, 9, 7], "texture": "#lit"}
			}
		},
		{
			"from": [4, 2, 11],
			"to": [6, 4.25, 13],
			"rotation": {"angle": 0, "axis": "y", "origin": [-3, -3, 4]},
			"faces": {
				"north": {"uv": [7, 7.75, 9, 10], "texture": "#lit"},
				"east": {"uv": [7, 7.75, 9, 10], "texture": "#lit"},
				"south": {"uv": [7, 7.75, 9, 10], "texture": "#lit"},
				"west": {"uv": [7, 7.75, 9, 10], "texture": "#lit"},
				"up": {"uv": [0, 4, 2, 6], "texture": "#lit"},
				"down": {"uv": [7, 13, 9, 15], "texture": "#lit"}
			}
		},
		{
			"from": [6.75, 7.75, 13.75],
			"to": [3.25, 4.25, 10.25],
			"shade": false,
			"light_emission": 15,
			"rotation": {"angle": 0, "axis": "y", "origin": [7, 8, 14]},
			"faces": {
				"north": {"uv": [0, 0, 4, 4], "rotation": 180, "texture": "#lit"},
				"east": {"uv": [0, 0, 4, 4], "rotation": 180, "texture": "#lit"},
				"south": {"uv": [0, 0, 4, 4], "rotation": 180, "texture": "#lit"},
				"west": {"uv": [0, 0, 4, 4], "rotation": 180, "texture": "#lit"},
				"up": {"uv": [1, 2, 3, 4], "rotation": 180, "texture": "#lit"},
				"down": {"uv": [1, 0, 3, 2], "rotation": 180, "texture": "#lit"}
			}
		},
		{
			"from": [10, 2, 11],
			"to": [12, 4.25, 13],
			"rotation": {"angle": 0, "axis": "y", "origin": [3, -3, 4]},
			"faces": {
				"north": {"uv": [7, 7.75, 9, 10], "texture": "#lit"},
				"east": {"uv": [7, 7.75, 9, 10], "texture": "#lit"},
				"south": {"uv": [7, 7.75, 9, 10], "texture": "#lit"},
				"west": {"uv": [7, 7.75, 9, 10], "texture": "#lit"},
				"up": {"uv": [0, 4, 2, 6], "texture": "#lit"},
				"down": {"uv": [7, 13, 9, 15], "texture": "#lit"}
			}
		},
		{
			"from": [7, 2, 2],
			"to": [9, 5, 4],
			"faces": {
				"north": {"uv": [7, 5, 9, 8], "texture": "#unlit"},
				"east": {"uv": [7, 5, 9, 8], "texture": "#unlit"},
				"south": {"uv": [7, 5, 9, 8], "texture": "#unlit"},
				"west": {"uv": [7, 5, 9, 8], "texture": "#unlit"},
				"up": {"uv": [7, 3, 9, 5], "texture": "#unlit"},
				"down": {"uv": [7, 13, 9, 15], "texture": "#unlit"}
			}
		}
	]
}