{
	"credit": "Made with Blockbench",
	"ambientocclusion": false,
	"textures": {
		"1": "block/flower_pot_allure",
		"particle": "block/flower_pot_allure",
		"sapling": "block/mangrove_propagule"
	},
	"elements": [
		{
			"name": "leaves",
			"from": [4.5, 10, 8],
			"to": [11.5, 16, 8],
			"rotation": {"angle": 45, "axis": "y", "origin": [8, 1, 8], "rescale": true},
			"faces": {
				"north": {"uv": [4, 1, 11, 7], "texture": "#sapling"},
				"south": {"uv": [4, 1, 11, 7], "texture": "#sapling"}
			}
		},
		{
			"name": "leaves",
			"from": [8, 10, 4.5],
			"to": [8, 16, 11.5],
			"rotation": {"angle": 45, "axis": "y", "origin": [8, 1, 8], "rescale": true},
			"faces": {
				"east": {"uv": [4, 1, 11, 7], "texture": "#sapling"},
				"west": {"uv": [4, 1, 11, 7], "texture": "#sapling"}
			}
		},
		{
			"name": "hypocotyl",
			"from": [8, 1, 7],
			"to": [8, 10, 9],
			"rotation": {"angle": 45, "axis": "y", "origin": [8, 1, 8], "rescale": true},
			"faces": {
				"east": {"uv": [7, 7, 9, 16], "texture": "#sapling"},
				"west": {"uv": [7, 7, 9, 16], "texture": "#sapling"}
			}
		},
		{
			"name": "hypocotyl",
			"from": [7, 1, 8],
			"to": [9, 10, 8],
			"rotation": {"angle": 45, "axis": "y", "origin": [8, 1, 8], "rescale": true},
			"faces": {
				"north": {"uv": [7, 7, 9, 16], "texture": "#sapling"},
				"south": {"uv": [7, 7, 9, 16], "texture": "#sapling"}
			}
		},
		{
			"from": [4.5, 4, 4.5],
			"to": [11.5, 6, 6.25],
			"rotation": {"angle": 0, "axis": "y", "origin": [4, 4, 3]},
			"faces": {
				"north": {"uv": [0, 8, 8, 10], "texture": "#1"},
				"east": {"uv": [6, 8, 8, 10], "texture": "#1"},
				"south": {"uv": [0, 9, 8, 11], "texture": "#1"},
				"west": {"uv": [0, 8, 2, 10], "texture": "#1"},
				"up": {"uv": [0, 0, 8, 2], "texture": "#1"},
				"down": {"uv": [0, 9, 8, 11], "rotation": 180, "texture": "#1"}
			}
		},
		{
			"from": [4.5, 4, 9.75],
			"to": [11.5, 6, 11.5],
			"rotation": {"angle": 0, "axis": "y", "origin": [8, 8, 8]},
			"faces": {
				"north": {"uv": [0, 9, 8, 11], "texture": "#1"},
				"east": {"uv": [0, 8, 2, 10], "texture": "#1"},
				"south": {"uv": [0, 8, 8, 10], "texture": "#1"},
				"west": {"uv": [6, 8, 8, 10], "texture": "#1"},
				"up": {"uv": [0, 6, 8, 8], "texture": "#1"},
				"down": {"uv": [0, 9, 8, 11], "texture": "#1"}
			}
		},
		{
			"from": [5, 0, 5],
			"to": [11, 4, 11],
			"rotation": {"angle": 0, "axis": "y", "origin": [7, 0, 7]},
			"faces": {
				"north": {"uv": [1, 10, 7, 14], "texture": "#1"},
				"east": {"uv": [1, 10, 7, 14], "texture": "#1"},
				"south": {"uv": [1, 10, 7, 14], "texture": "#1"},
				"west": {"uv": [1, 10, 7, 14], "texture": "#1"},
				"up": {"uv": [1, 1, 7, 7], "texture": "#1"},
				"down": {"uv": [8, 0, 14, 6], "texture": "#1"}
			}
		},
		{
			"from": [9.75, 4, 6.25],
			"to": [11.5, 6, 9.75],
			"rotation": {"angle": 0, "axis": "y", "origin": [10.625, 5, 8]},
			"faces": {
				"north": {"uv": [6, 8, 8, 10], "texture": "#1"},
				"east": {"uv": [2, 8, 6, 10], "texture": "#1"},
				"south": {"uv": [0, 8, 2, 10], "texture": "#1"},
				"west": {"uv": [2, 9, 6, 11], "texture": "#1"},
				"up": {"uv": [6, 2, 8, 6], "texture": "#1"},
				"down": {"uv": [2, 9, 6, 11], "rotation": 270, "texture": "#1"}
			}
		},
		{
			"from": [4.5, 4, 6.25],
			"to": [6.25, 6, 9.75],
			"rotation": {"angle": 0, "axis": "y", "origin": [4, 4, 6.25]},
			"faces": {
				"north": {"uv": [0, 8, 2, 10], "texture": "#1"},
				"east": {"uv": [2, 9, 6, 11], "texture": "#1"},
				"south": {"uv": [6, 8, 8, 10], "texture": "#1"},
				"west": {"uv": [2, 8, 6, 10], "texture": "#1"},
				"up": {"uv": [0, 2, 2, 6], "texture": "#1"},
				"down": {"uv": [2, 9, 6, 11], "rotation": 90, "texture": "#1"}
			}
		}
	]
}