{
	"credit": "Made with Blockbench",
	"ambientocclusion": false,
	"textures": {
		"1": "block/potted_cactus",
		"particle": "block/flower_pot_allure",
		"flowerpot": "block/flower_pot_allure"
	},
	"elements": [
		{
			"from": [5, 5, 6],
			"to": [11, 17, 10],
			"faces": {
				"north": {"uv": [6, 0, 12, 12], "texture": "#1"},
				"south": {"uv": [6, 0, 12, 12], "texture": "#1"},
				"down": {"uv": [6, 0, 12, 12], "texture": "#1"}
			}
		},
		{
			"from": [4.5, 4, 6.25],
			"to": [6.25, 6, 9.75],
			"rotation": {"angle": 0, "axis": "y", "origin": [4, 4, 6.25]},
			"faces": {
				"north": {"uv": [0, 8, 2, 10], "texture": "#flowerpot"},
				"east": {"uv": [2, 9, 6, 11], "texture": "#flowerpot"},
				"south": {"uv": [6, 8, 8, 10], "texture": "#flowerpot"},
				"west": {"uv": [2, 8, 6, 10], "texture": "#flowerpot"},
				"up": {"uv": [0, 2, 2, 6], "texture": "#flowerpot"},
				"down": {"uv": [2, 9, 6, 11], "rotation": 90, "texture": "#flowerpot"}
			}
		},
		{
			"from": [9.75, 4, 6.25],
			"to": [11.5, 6, 9.75],
			"rotation": {"angle": 0, "axis": "y", "origin": [10.625, 5, 8]},
			"faces": {
				"north": {"uv": [6, 8, 8, 10], "texture": "#flowerpot"},
				"east": {"uv": [2, 8, 6, 10], "texture": "#flowerpot"},
				"south": {"uv": [0, 8, 2, 10], "texture": "#flowerpot"},
				"west": {"uv": [2, 9, 6, 11], "texture": "#flowerpot"},
				"up": {"uv": [6, 2, 8, 6], "texture": "#flowerpot"},
				"down": {"uv": [2, 9, 6, 11], "rotation": 270, "texture": "#flowerpot"}
			}
		},
		{
			"from": [5, 0, 5],
			"to": [11, 4, 11],
			"rotation": {"angle": 0, "axis": "y", "origin": [7, 0, 7]},
			"faces": {
				"north": {"uv": [1, 10, 7, 14], "texture": "#flowerpot"},
				"east": {"uv": [1, 10, 7, 14], "texture": "#flowerpot"},
				"south": {"uv": [1, 10, 7, 14], "texture": "#flowerpot"},
				"west": {"uv": [1, 10, 7, 14], "texture": "#flowerpot"},
				"up": {"uv": [1, 1, 7, 7], "texture": "#flowerpot"},
				"down": {"uv": [8, 0, 14, 6], "texture": "#flowerpot"}
			}
		},
		{
			"from": [4.5, 4, 9.75],
			"to": [11.5, 6, 11.5],
			"rotation": {"angle": 0, "axis": "y", "origin": [8, 8, 8]},
			"faces": {
				"north": {"uv": [0, 9, 8, 11], "texture": "#flowerpot"},
				"east": {"uv": [0, 8, 2, 10], "texture": "#flowerpot"},
				"south": {"uv": [0, 8, 8, 10], "texture": "#flowerpot"},
				"west": {"uv": [6, 8, 8, 10], "texture": "#flowerpot"},
				"up": {"uv": [0, 6, 8, 8], "texture": "#flowerpot"},
				"down": {"uv": [0, 9, 8, 11], "texture": "#flowerpot"}
			}
		},
		{
			"from": [4.5, 4, 4.5],
			"to": [11.5, 6, 6.25],
			"rotation": {"angle": 0, "axis": "y", "origin": [4, 4, 3]},
			"faces": {
				"north": {"uv": [0, 8, 8, 10], "texture": "#flowerpot"},
				"east": {"uv": [6, 8, 8, 10], "texture": "#flowerpot"},
				"south": {"uv": [0, 9, 8, 11], "texture": "#flowerpot"},
				"west": {"uv": [0, 8, 2, 10], "texture": "#flowerpot"},
				"up": {"uv": [0, 0, 8, 2], "texture": "#flowerpot"},
				"down": {"uv": [0, 9, 8, 11], "rotation": 180, "texture": "#flowerpot"}
			}
		},
		{
			"from": [6, 5, 5],
			"to": [10, 17, 11],
			"rotation": {"angle": 0, "axis": "y", "origin": [8, 11, 8]},
			"faces": {
				"east": {"uv": [6, 0, 12, 12], "texture": "#1"},
				"west": {"uv": [6, 0, 12, 12], "texture": "#1"},
				"down": {"uv": [6, 0, 12, 12], "rotation": 270, "texture": "#1"}
			}
		},
		{
			"from": [5, 16, 5],
			"to": [11, 16, 11],
			"rotation": {"angle": 0, "axis": "y", "origin": [5, 16, 5]},
			"faces": {
				"up": {"uv": [0, 0, 6, 6], "texture": "#1"},
				"down": {"uv": [0, 0, 6, 6], "texture": "#1"}
			}
		},
		{
			"from": [5, 12, 5],
			"to": [11, 12, 11],
			"rotation": {"angle": 0, "axis": "y", "origin": [8, 12, 8]},
			"faces": {
				"up": {"uv": [0, 0, 6, 6], "rotation": 90, "texture": "#1"},
				"down": {"uv": [0, 0, 6, 6], "rotation": 270, "texture": "#1"}
			}
		},
		{
			"from": [5, 8, 5],
			"to": [11, 8, 11],
			"rotation": {"angle": 0, "axis": "y", "origin": [5, 8, 5]},
			"faces": {
				"up": {"uv": [0, 0, 6, 6], "texture": "#1"},
				"down": {"uv": [0, 0, 6, 6], "texture": "#1"}
			}
		},
		{
			"from": [7, 16.25, 7],
			"to": [9, 16.25, 9],
			"rotation": {"angle": -45, "axis": "y", "origin": [8, 17.25, 8]},
			"faces": {
				"up": {"uv": [0, 6, 2, 8], "texture": "#1"},
				"down": {"uv": [0, 6, 2, 8], "texture": "#1"}
			}
		}
	]
}