{
	"credit": "Made with Blockbench",
	"parent": "block/block",
	"textures": {
		"7": "block/enchanting_ring"
	},
	"elements": [
		{
			"name": "extrusion_0",
			"from": [2, 0.01, -16],
			"to": [14, 0.01, -15],
			"light_emission": 15,
			"rotation": {"angle": 0, "axis": "y", "origin": [-16, 0, -16]},
			"faces": {
				"up": {"uv": [3, 0, 5, 0.16667], "texture": "#7"},
				"down": {"uv": [3, 0.16667, 5, 0], "texture": "#7"}
			}
		},
		{
			"name": "extrusion_1",
			"from": [-1, 0.01, -15],
			"to": [2, 0.01, -14],
			"light_emission": 15,
			"rotation": {"angle": 0, "axis": "y", "origin": [-16, 0, -16]},
			"faces": {
				"up": {"uv": [2.5, 0.16667, 3, 0.33333], "texture": "#7"},
				"down": {"uv": [2.5, 0.33333, 3, 0.16667], "texture": "#7"}
			}
		},
		{
			"name": "extrusion_2",
			"from": [8, 0.01, -15],
			"to": [9, 0.01, -12],
			"light_emission": 15,
			"rotation": {"angle": 0, "axis": "y", "origin": [-16, 0, -16]},
			"faces": {
				"up": {"uv": [4, 0.16667, 4.16667, 0.66667], "texture": "#7"},
				"down": {"uv": [4, 0.66667, 4.16667, 0.16667], "texture": "#7"}
			}
		},
		{
			"name": "extrusion_3",
			"from": [14, 0.01, -15],
			"to": [17, 0.01, -14],
			"light_emission": 15,
			"rotation": {"angle": 0, "axis": "y", "origin": [-16, 0, -16]},
			"faces": {
				"up": {"uv": [5, 0.16667, 5.5, 0.33333], "texture": "#7"},
				"down": {"uv": [5, 0.33333, 5.5, 0.16667], "texture": "#7"}
			}
		},
		{
			"name": "extrusion_4",
			"from": [-3, 0.01, -14],
			"to": [-1, 0.01, -13],
			"light_emission": 15,
			"rotation": {"angle": 0, "axis": "y", "origin": [-16, 0, -16]},
			"faces": {
				"up": {"uv": [2.16667, 0.33333, 2.5, 0.5], "texture": "#7"},
				"down": {"uv": [2.16667, 0.5, 2.5, 0.33333], "texture": "#7"}
			}
		},
		{
			"name": "extrusion_5",
			"from": [11, 0.01, -14],
			"to": [12, 0.01, -13],
			"light_emission": 15,
			"rotation": {"angle": 0, "axis": "y", "origin": [-16, 0, -16]},
			"faces": {
				"up": {"uv": [4.5, 0.33333, 4.66667, 0.5], "texture": "#7"},
				"down": {"uv": [4.5, 0.5, 4.66667, 0.33333], "texture": "#7"}
			}
		},
		{
			"name": "extrusion_6",
			"from": [17, 0.01, -14],
			"to": [19, 0.01, -13],
			"light_emission": 15,
			"rotation": {"angle": 0, "axis": "y", "origin": [-16, 0, -16]},
			"faces": {
				"up": {"uv": [5.5, 0.33333, 5.83333, 0.5], "texture": "#7"},
				"down": {"uv": [5.5, 0.5, 5.83333, 0.33333], "texture": "#7"}
			}
		},
		{
			"name": "extrusion_7",
			"from": [-5, 0.01, -13],
			"to": [-3, 0.01, -12],
			"light_emission": 15,
			"rotation": {"angle": 0, "axis": "y", "origin": [-16, 0, -16]},
			"faces": {
				"up": {"uv": [1.83333, 0.5, 2.16667, 0.66667], "texture": "#7"},
				"down": {"uv": [1.83333, 0.66667, 2.16667, 0.5], "texture": "#7"}
			}
		},
		{
			"name": "extrusion_8",
			"from": [3, 0.01, -13],
			"to": [5, 0.01, -12],
			"light_emission": 15,
			"rotation": {"angle": 0, "axis": "y", "origin": [-16, 0, -16]},
			"faces": {
				"up": {"uv": [3.16667, 0.5, 3.5, 0.66667], "texture": "#7"},
				"down": {"uv": [3.16667, 0.66667, 3.5, 0.5], "texture": "#7"}
			}
		},
		{
			"name": "extrusion_9",
			"from": [10, 0.01, -13],
			"to": [11, 0.01, -12],
			"light_emission": 15,
			"rotation": {"angle": 0, "axis": "y", "origin": [-16, 0, -16]},
			"faces": {
				"up": {"uv": [4.33333, 0.5, 4.5, 0.66667], "texture": "#7"},
				"down": {"uv": [4.33333, 0.66667, 4.5, 0.5], "texture": "#7"}
			}
		},
		{
			"name": "extrusion_10",
			"from": [19, 0.01, -13],
			"to": [21, 0.01, -12],
			"light_emission": 15,
			"rotation": {"angle": 0, "axis": "y", "origin": [-16, 0, -16]},
			"faces": {
				"up": {"uv": [5.83333, 0.5, 6.16667, 0.66667], "texture": "#7"},
				"down": {"uv": [5.83333, 0.66667, 6.16667, 0.5], "texture": "#7"}
			}
		},
		{
			"name": "extrusion_11",
			"from": [-7, 0.01, -12],
			"to": [-5, 0.01, -11],
			"light_emission": 15,
			"rotation": {"angle": 0, "axis": "y", "origin": [-16, 0, -16]},
			"faces": {
				"up": {"uv": [1.5, 0.66667, 1.83333, 0.83333], "texture": "#7"},
				"down": {"uv": [1.5, 0.83333, 1.83333, 0.66667], "texture": "#7"}
			}
		},
		{
			"name": "extrusion_12",
			"from": [4, 0.01, -12],
			"to": [5, 0.01, -11],
			"light_emission": 15,
			"rotation": {"angle": 0, "axis": "y", "origin": [-16, 0, -16]},
			"faces": {
				"up": {"uv": [3.33333, 0.66667, 3.5, 0.83333], "texture": "#7"},
				"down": {"uv": [3.33333, 0.83333, 3.5, 0.66667], "texture": "#7"}
			}
		},
		{
			"name": "extrusion_13",
			"from": [7, 0.01, -12],
			"to": [8, 0.01, -8],
			"light_emission": 15,
			"rotation": {"angle": 0, "axis": "y", "origin": [-16, 0, -16]},
			"faces": {
				"up": {"uv": [3.83333, 0.66667, 4, 1.33333], "texture": "#7"},
				"down": {"uv": [3.83333, 1.33333, 4, 0.66667], "texture": "#7"}
			}
		},
		{
			"name": "extrusion_14",
			"from": [11, 0.01, -12],
			"to": [12, 0.01, -11],
			"light_emission": 15,
			"rotation": {"angle": 0, "axis": "y", "origin": [-16, 0, -16]},
			"faces": {
				"up": {"uv": [4.5, 0.66667, 4.66667, 0.83333], "texture": "#7"},
				"down": {"uv": [4.5, 0.83333, 4.66667, 0.66667], "texture": "#7"}
			}
		},
		{
			"name": "extrusion_15",
			"from": [14, 0.01, -12],
			"to": [15, 0.01, -10],
			"light_emission": 15,
			"rotation": {"angle": 0, "axis": "y", "origin": [-16, 0, -16]},
			"faces": {
				"up": {"uv": [5, 0.66667, 5.16667, 1], "texture": "#7"},
				"down": {"uv": [5, 1, 5.16667, 0.66667], "texture": "#7"}
			}
		},
		{
			"name": "extrusion_16",
			"from": [16, 0.01, -12],
			"to": [17, 0.01, -11],
			"light_emission": 15,
			"rotation": {"angle": 0, "axis": "y", "origin": [-16, 0, -16]},
			"faces": {
				"up": {"uv": [5.33333, 0.66667, 5.5, 0.83333], "texture": "#7"},
				"down": {"uv": [5.33333, 0.83333, 5.5, 0.66667], "texture": "#7"}
			}
		},
		{
			"name": "extrusion_17",
			"from": [21, 0.01, -12],
			"to": [23, 0.01, -11],
			"light_emission": 15,
			"rotation": {"angle": 0, "axis": "y", "origin": [-16, 0, -16]},
			"faces": {
				"up": {"uv": [6.16667, 0.66667, 6.5, 0.83333], "texture": "#7"},
				"down": {"uv": [6.16667, 0.83333, 6.5, 0.66667], "texture": "#7"}
			}
		},
		{
			"name": "extrusion_18",
			"from": [-8, 0.01, -11],
			"to": [-7, 0.01, -10],
			"light_emission": 15,
			"rotation": {"angle": 0, "axis": "y", "origin": [-16, 0, -16]},
			"faces": {
				"up": {"uv": [1.33333, 0.83333, 1.5, 1], "texture": "#7"},
				"down": {"uv": [1.33333, 1, 1.5, 0.83333], "texture": "#7"}
			}
		},
		{
			"name": "extrusion_19",
			"from": [-2, 0.01, -11],
			"to": [-1, 0.01, -10],
			"light_emission": 15,
			"rotation": {"angle": 0, "axis": "y", "origin": [-16, 0, -16]},
			"faces": {
				"up": {"uv": [2.33333, 0.83333, 2.5, 1], "texture": "#7"},
				"down": {"uv": [2.33333, 1, 2.5, 0.83333], "texture": "#7"}
			}
		},
		{
			"name": "extrusion_20",
			"from": [15, 0.01, -11],
			"to": [16, 0.01, -10],
			"light_emission": 15,
			"rotation": {"angle": 0, "axis": "y", "origin": [-16, 0, -16]},
			"faces": {
				"up": {"uv": [5.16667, 0.83333, 5.33333, 1], "texture": "#7"},
				"down": {"uv": [5.16667, 1, 5.33333, 0.83333], "texture": "#7"}
			}
		},
		{
			"name": "extrusion_21",
			"from": [17, 0.01, -11],
			"to": [18, 0.01, -10],
			"light_emission": 15,
			"rotation": {"angle": 0, "axis": "y", "origin": [-16, 0, -16]},
			"faces": {
				"up": {"uv": [5.5, 0.83333, 5.66667, 1], "texture": "#7"},
				"down": {"uv": [5.5, 1, 5.66667, 0.83333], "texture": "#7"}
			}
		},
		{
			"name": "extrusion_22",
			"from": [23, 0.01, -11],
			"to": [24, 0.01, -10],
			"light_emission": 15,
			"rotation": {"angle": 0, "axis": "y", "origin": [-16, 0, -16]},
			"faces": {
				"up": {"uv": [6.5, 0.83333, 6.66667, 1], "texture": "#7"},
				"down": {"uv": [6.5, 1, 6.66667, 0.83333], "texture": "#7"}
			}
		},
		{
			"name": "extrusion_23",
			"from": [-9, 0.01, -10],
			"to": [-8, 0.01, -8],
			"light_emission": 15,
			"rotation": {"angle": 0, "axis": "y", "origin": [-16, 0, -16]},
			"faces": {
				"up": {"uv": [1.16667, 1, 1.33333, 1.33333], "texture": "#7"},
				"down": {"uv": [1.16667, 1.33333, 1.33333, 1], "texture": "#7"}
			}
		},
		{
			"name": "extrusion_24",
			"from": [-1, 0.01, -10],
			"to": [0, 0.01, -9],
			"light_emission": 15,
			"rotation": {"angle": 0, "axis": "y", "origin": [-16, 0, -16]},
			"faces": {
				"up": {"uv": [2.5, 1, 2.66667, 1.16667], "texture": "#7"},
				"down": {"uv": [2.5, 1.16667, 2.66667, 1], "texture": "#7"}
			}
		},
		{
			"name": "extrusion_25",
			"from": [16, 0.01, -10],
			"to": [17, 0.01, -9],
			"light_emission": 15,
			"rotation": {"angle": 0, "axis": "y", "origin": [-16, 0, -16]},
			"faces": {
				"up": {"uv": [5.33333, 1, 5.5, 1.16667], "texture": "#7"},
				"down": {"uv": [5.33333, 1.16667, 5.5, 1], "texture": "#7"}
			}
		},
		{
			"name": "extrusion_26",
			"from": [18, 0.01, -10],
			"to": [19, 0.01, -9],
			"light_emission": 15,
			"rotation": {"angle": 0, "axis": "y", "origin": [-16, 0, -16]},
			"faces": {
				"up": {"uv": [5.66667, 1, 5.83333, 1.16667], "texture": "#7"},
				"down": {"uv": [5.66667, 1.16667, 5.83333, 1], "texture": "#7"}
			}
		},
		{
			"name": "extrusion_27",
			"from": [24, 0.01, -10],
			"to": [25, 0.01, -8],
			"light_emission": 15,
			"rotation": {"angle": 0, "axis": "y", "origin": [-16, 0, -16]},
			"faces": {
				"up": {"uv": [6.66667, 1, 6.83333, 1.33333], "texture": "#7"},
				"down": {"uv": [6.66667, 1.33333, 6.83333, 1], "texture": "#7"}
			}
		},
		{
			"name": "extrusion_28",
			"from": [-10, 0.01, -9],
			"to": [-9, 0.01, -8],
			"light_emission": 15,
			"rotation": {"angle": 0, "axis": "y", "origin": [-16, 0, -16]},
			"faces": {
				"up": {"uv": [1, 1.16667, 1.16667, 1.33333], "texture": "#7"},
				"down": {"uv": [1, 1.33333, 1.16667, 1.16667], "texture": "#7"}
			}
		},
		{
			"name": "extrusion_29",
			"from": [-6, 0.01, -9],
			"to": [-5, 0.01, -8],
			"light_emission": 15,
			"rotation": {"angle": 0, "axis": "y", "origin": [-16, 0, -16]},
			"faces": {
				"up": {"uv": [1.66667, 1.16667, 1.83333, 1.33333], "texture": "#7"},
				"down": {"uv": [1.66667, 1.33333, 1.83333, 1.16667], "texture": "#7"}
			}
		},
		{
			"name": "extrusion_30",
			"from": [2, 0.01, -9],
			"to": [7, 0.01, -8],
			"light_emission": 15,
			"rotation": {"angle": 0, "axis": "y", "origin": [-16, 0, -16]},
			"faces": {
				"up": {"uv": [3, 1.16667, 3.83333, 1.33333], "texture": "#7"},
				"down": {"uv": [3, 1.33333, 3.83333, 1.16667], "texture": "#7"}
			}
		},
		{
			"name": "extrusion_31",
			"from": [8, 0.01, -9],
			"to": [14, 0.01, -8],
			"light_emission": 15,
			"rotation": {"angle": 0, "axis": "y", "origin": [-16, 0, -16]},
			"faces": {
				"up": {"uv": [4, 1.16667, 5, 1.33333], "texture": "#7"},
				"down": {"uv": [4, 1.33333, 5, 1.16667], "texture": "#7"}
			}
		},
		{
			"name": "extrusion_32",
			"from": [20, 0.01, -9],
			"to": [21, 0.01, -8],
			"light_emission": 15,
			"rotation": {"angle": 0, "axis": "y", "origin": [-16, 0, -16]},
			"faces": {
				"up": {"uv": [6, 1.16667, 6.16667, 1.33333], "texture": "#7"},
				"down": {"uv": [6, 1.33333, 6.16667, 1.16667], "texture": "#7"}
			}
		},
		{
			"name": "extrusion_33",
			"from": [25, 0.01, -9],
			"to": [26, 0.01, -8],
			"light_emission": 15,
			"rotation": {"angle": 0, "axis": "y", "origin": [-16, 0, -16]},
			"faces": {
				"up": {"uv": [6.83333, 1.16667, 7, 1.33333], "texture": "#7"},
				"down": {"uv": [6.83333, 1.33333, 7, 1.16667], "texture": "#7"}
			}
		},
		{
			"name": "extrusion_34",
			"from": [-11, 0.01, -8],
			"to": [-10, 0.01, -7],
			"light_emission": 15,
			"rotation": {"angle": 0, "axis": "y", "origin": [-16, 0, -16]},
			"faces": {
				"up": {"uv": [0.83333, 1.33333, 1, 1.5], "texture": "#7"},
				"down": {"uv": [0.83333, 1.5, 1, 1.33333], "texture": "#7"}
			}
		},
		{
			"name": "extrusion_35",
			"from": [-8, 0.01, -8],
			"to": [-7, 0.01, -7],
			"light_emission": 15,
			"rotation": {"angle": 0, "axis": "y", "origin": [-16, 0, -16]},
			"faces": {
				"up": {"uv": [1.33333, 1.33333, 1.5, 1.5], "texture": "#7"},
				"down": {"uv": [1.33333, 1.5, 1.5, 1.33333], "texture": "#7"}
			}
		},
		{
			"name": "extrusion_36",
			"from": [-4, 0.01, -8],
			"to": [-3, 0.01, -7],
			"light_emission": 15,
			"rotation": {"angle": 0, "axis": "y", "origin": [-16, 0, -16]},
			"faces": {
				"up": {"uv": [2, 1.33333, 2.16667, 1.5], "texture": "#7"},
				"down": {"uv": [2, 1.5, 2.16667, 1.33333], "texture": "#7"}
			}
		},
		{
			"name": "extrusion_37",
			"from": [0, 0.01, -8],
			"to": [2, 0.01, -7],
			"light_emission": 15,
			"rotation": {"angle": 0, "axis": "y", "origin": [-16, 0, -16]},
			"faces": {
				"up": {"uv": [2.66667, 1.33333, 3, 1.5], "texture": "#7"},
				"down": {"uv": [2.66667, 1.5, 3, 1.33333], "texture": "#7"}
			}
		},
		{
			"name": "extrusion_38",
			"from": [14, 0.01, -8],
			"to": [16, 0.01, -7],
			"light_emission": 15,
			"rotation": {"angle": 0, "axis": "y", "origin": [-16, 0, -16]},
			"faces": {
				"up": {"uv": [5, 1.33333, 5.33333, 1.5], "texture": "#7"},
				"down": {"uv": [5, 1.5, 5.33333, 1.33333], "texture": "#7"}
			}
		},
		{
			"name": "extrusion_39",
			"from": [23, 0.01, -8],
			"to": [24, 0.01, -7],
			"light_emission": 15,
			"rotation": {"angle": 0, "axis": "y", "origin": [-16, 0, -16]},
			"faces": {
				"up": {"uv": [6.5, 1.33333, 6.66667, 1.5], "texture": "#7"},
				"down": {"uv": [6.5, 1.5, 6.66667, 1.33333], "texture": "#7"}
			}
		},
		{
			"name": "extrusion_40",
			"from": [26, 0.01, -8],
			"to": [27, 0.01, -7],
			"light_emission": 15,
			"rotation": {"angle": 0, "axis": "y", "origin": [-16, 0, -16]},
			"faces": {
				"up": {"uv": [7, 1.33333, 7.16667, 1.5], "texture": "#7"},
				"down": {"uv": [7, 1.5, 7.16667, 1.33333], "texture": "#7"}
			}
		},
		{
			"name": "extrusion_41",
			"from": [-12, 0.01, -7],
			"to": [-11, 0.01, -5],
			"light_emission": 15,
			"rotation": {"angle": 0, "axis": "y", "origin": [-16, 0, -16]},
			"faces": {
				"up": {"uv": [0.66667, 1.5, 0.83333, 1.83333], "texture": "#7"},
				"down": {"uv": [0.66667, 1.83333, 0.83333, 1.5], "texture": "#7"}
			}
		},
		{
			"name": "extrusion_42",
			"from": [-7, 0.01, -7],
			"to": [-6, 0.01, -6],
			"light_emission": 15,
			"rotation": {"angle": 0, "axis": "y", "origin": [-16, 0, -16]},
			"faces": {
				"up": {"uv": [1.5, 1.5, 1.66667, 1.66667], "texture": "#7"},
				"down": {"uv": [1.5, 1.66667, 1.66667, 1.5], "texture": "#7"}
			}
		},
		{
			"name": "extrusion_43",
			"from": [-2, 0.01, -7],
			"to": [0, 0.01, -6],
			"light_emission": 15,
			"rotation": {"angle": 0, "axis": "y", "origin": [-16, 0, -16]},
			"faces": {
				"up": {"uv": [2.33333, 1.5, 2.66667, 1.66667], "texture": "#7"},
				"down": {"uv": [2.33333, 1.66667, 2.66667, 1.5], "texture": "#7"}
			}
		},
		{
			"name": "extrusion_44",
			"from": [16, 0.01, -7],
			"to": [18, 0.01, -6],
			"light_emission": 15,
			"rotation": {"angle": 0, "axis": "y", "origin": [-16, 0, -16]},
			"faces": {
				"up": {"uv": [5.33333, 1.5, 5.66667, 1.66667], "texture": "#7"},
				"down": {"uv": [5.33333, 1.66667, 5.66667, 1.5], "texture": "#7"}
			}
		},
		{
			"name": "extrusion_45",
			"from": [22, 0.01, -7],
			"to": [23, 0.01, -6],
			"light_emission": 15,
			"rotation": {"angle": 0, "axis": "y", "origin": [-16, 0, -16]},
			"faces": {
				"up": {"uv": [6.33333, 1.5, 6.5, 1.66667], "texture": "#7"},
				"down": {"uv": [6.33333, 1.66667, 6.5, 1.5], "texture": "#7"}
			}
		},
		{
			"name": "extrusion_46",
			"from": [27, 0.01, -7],
			"to": [28, 0.01, -5],
			"light_emission": 15,
			"rotation": {"angle": 0, "axis": "y", "origin": [-16, 0, -16]},
			"faces": {
				"up": {"uv": [7.16667, 1.5, 7.33333, 1.83333], "texture": "#7"},
				"down": {"uv": [7.16667, 1.83333, 7.33333, 1.5], "texture": "#7"}
			}
		},
		{
			"name": "extrusion_47",
			"from": [-6, 0.01, -6],
			"to": [-5, 0.01, -5],
			"light_emission": 15,
			"rotation": {"angle": 0, "axis": "y", "origin": [-16, 0, -16]},
			"faces": {
				"up": {"uv": [1.66667, 1.66667, 1.83333, 1.83333], "texture": "#7"},
				"down": {"uv": [1.66667, 1.83333, 1.83333, 1.66667], "texture": "#7"}
			}
		},
		{
			"name": "extrusion_48",
			"from": [-3, 0.01, -6],
			"to": [-2, 0.01, -5],
			"light_emission": 15,
			"rotation": {"angle": 0, "axis": "y", "origin": [-16, 0, -16]},
			"faces": {
				"up": {"uv": [2.16667, 1.66667, 2.33333, 1.83333], "texture": "#7"},
				"down": {"uv": [2.16667, 1.83333, 2.33333, 1.66667], "texture": "#7"}
			}
		},
		{
			"name": "extrusion_49",
			"from": [18, 0.01, -6],
			"to": [19, 0.01, -5],
			"light_emission": 15,
			"rotation": {"angle": 0, "axis": "y", "origin": [-16, 0, -16]},
			"faces": {
				"up": {"uv": [5.66667, 1.66667, 5.83333, 1.83333], "texture": "#7"},
				"down": {"uv": [5.66667, 1.83333, 5.83333, 1.66667], "texture": "#7"}
			}
		},
		{
			"name": "extrusion_50",
			"from": [21, 0.01, -6],
			"to": [22, 0.01, -5],
			"light_emission": 15,
			"rotation": {"angle": 0, "axis": "y", "origin": [-16, 0, -16]},
			"faces": {
				"up": {"uv": [6.16667, 1.66667, 6.33333, 1.83333], "texture": "#7"},
				"down": {"uv": [6.16667, 1.83333, 6.33333, 1.66667], "texture": "#7"}
			}
		},
		{
			"name": "extrusion_51",
			"from": [24, 0.01, -6],
			"to": [25, 0.01, -5],
			"light_emission": 15,
			"rotation": {"angle": 0, "axis": "y", "origin": [-16, 0, -16]},
			"faces": {
				"up": {"uv": [6.66667, 1.66667, 6.83333, 1.83333], "texture": "#7"},
				"down": {"uv": [6.66667, 1.83333, 6.83333, 1.66667], "texture": "#7"}
			}
		},
		{
			"name": "extrusion_52",
			"from": [-13, 0.01, -5],
			"to": [-12, 0.01, -3],
			"light_emission": 15,
			"rotation": {"angle": 0, "axis": "y", "origin": [-16, 0, -16]},
			"faces": {
				"up": {"uv": [0.5, 1.83333, 0.66667, 2.16667], "texture": "#7"},
				"down": {"uv": [0.5, 2.16667, 0.66667, 1.83333], "texture": "#7"}
			}
		},
		{
			"name": "extrusion_53",
			"from": [-9, 0.01, -5],
			"to": [-8, 0.01, -4],
			"light_emission": 15,
			"rotation": {"angle": 0, "axis": "y", "origin": [-16, 0, -16]},
			"faces": {
				"up": {"uv": [1.16667, 1.83333, 1.33333, 2], "texture": "#7"},
				"down": {"uv": [1.16667, 2, 1.33333, 1.83333], "texture": "#7"}
			}
		},
		{
			"name": "extrusion_54",
			"from": [-5, 0.01, -5],
			"to": [-3, 0.01, -4],
			"light_emission": 15,
			"rotation": {"angle": 0, "axis": "y", "origin": [-16, 0, -16]},
			"faces": {
				"up": {"uv": [1.83333, 1.83333, 2.16667, 2], "texture": "#7"},
				"down": {"uv": [1.83333, 2, 2.16667, 1.83333], "texture": "#7"}
			}
		},
		{
			"name": "extrusion_55",
			"from": [19, 0.01, -5],
			"to": [21, 0.01, -4],
			"light_emission": 15,
			"rotation": {"angle": 0, "axis": "y", "origin": [-16, 0, -16]},
			"faces": {
				"up": {"uv": [5.83333, 1.83333, 6.16667, 2], "texture": "#7"},
				"down": {"uv": [5.83333, 2, 6.16667, 1.83333], "texture": "#7"}
			}
		},
		{
			"name": "extrusion_56",
			"from": [28, 0.01, -5],
			"to": [29, 0.01, -3],
			"light_emission": 15,
			"rotation": {"angle": 0, "axis": "y", "origin": [-16, 0, -16]},
			"faces": {
				"up": {"uv": [7.33333, 1.83333, 7.5, 2.16667], "texture": "#7"},
				"down": {"uv": [7.33333, 2.16667, 7.5, 1.83333], "texture": "#7"}
			}
		},
		{
			"name": "extrusion_57",
			"from": [-5, 0.01, -4],
			"to": [-4, 0.01, -3],
			"light_emission": 15,
			"rotation": {"angle": 0, "axis": "y", "origin": [-16, 0, -16]},
			"faces": {
				"up": {"uv": [1.83333, 2, 2, 2.16667], "texture": "#7"},
				"down": {"uv": [1.83333, 2.16667, 2, 2], "texture": "#7"}
			}
		},
		{
			"name": "extrusion_58",
			"from": [20, 0.01, -4],
			"to": [21, 0.01, -3],
			"light_emission": 15,
			"rotation": {"angle": 0, "axis": "y", "origin": [-16, 0, -16]},
			"faces": {
				"up": {"uv": [6, 2, 6.16667, 2.16667], "texture": "#7"},
				"down": {"uv": [6, 2.16667, 6.16667, 2], "texture": "#7"}
			}
		},
		{
			"name": "extrusion_59",
			"from": [23, 0.01, -4],
			"to": [24, 0.01, -3],
			"light_emission": 15,
			"rotation": {"angle": 0, "axis": "y", "origin": [-16, 0, -16]},
			"faces": {
				"up": {"uv": [6.5, 2, 6.66667, 2.16667], "texture": "#7"},
				"down": {"uv": [6.5, 2.16667, 6.66667, 2], "texture": "#7"}
			}
		},
		{
			"name": "extrusion_60",
			"from": [-14, 0.01, -3],
			"to": [-13, 0.01, -1],
			"light_emission": 15,
			"rotation": {"angle": 0, "axis": "y", "origin": [-16, 0, -16]},
			"faces": {
				"up": {"uv": [0.33333, 2.16667, 0.5, 2.5], "texture": "#7"},
				"down": {"uv": [0.33333, 2.5, 0.5, 2.16667], "texture": "#7"}
			}
		},
		{
			"name": "extrusion_61",
			"from": [-10, 0.01, -3],
			"to": [-9, 0.01, -2],
			"light_emission": 15,
			"rotation": {"angle": 0, "axis": "y", "origin": [-16, 0, -16]},
			"faces": {
				"up": {"uv": [1, 2.16667, 1.16667, 2.33333], "texture": "#7"},
				"down": {"uv": [1, 2.33333, 1.16667, 2.16667], "texture": "#7"}
			}
		},
		{
			"name": "extrusion_62",
			"from": [-6, 0.01, -3],
			"to": [-5, 0.01, -2],
			"light_emission": 15,
			"rotation": {"angle": 0, "axis": "y", "origin": [-16, 0, -16]},
			"faces": {
				"up": {"uv": [1.66667, 2.16667, 1.83333, 2.33333], "texture": "#7"},
				"down": {"uv": [1.66667, 2.33333, 1.83333, 2.16667], "texture": "#7"}
			}
		},
		{
			"name": "extrusion_63",
			"from": [21, 0.01, -3],
			"to": [22, 0.01, -2],
			"light_emission": 15,
			"rotation": {"angle": 0, "axis": "y", "origin": [-16, 0, -16]},
			"faces": {
				"up": {"uv": [6.16667, 2.16667, 6.33333, 2.33333], "texture": "#7"},
				"down": {"uv": [6.16667, 2.33333, 6.33333, 2.16667], "texture": "#7"}
			}
		},
		{
			"name": "extrusion_64",
			"from": [29, 0.01, -3],
			"to": [30, 0.01, -1],
			"light_emission": 15,
			"rotation": {"angle": 0, "axis": "y", "origin": [-16, 0, -16]},
			"faces": {
				"up": {"uv": [7.5, 2.16667, 7.66667, 2.5], "texture": "#7"},
				"down": {"uv": [7.5, 2.5, 7.66667, 2.16667], "texture": "#7"}
			}
		},
		{
			"name": "extrusion_65",
			"from": [-11, 0.01, -2],
			"to": [-10, 0.01, -1],
			"light_emission": 15,
			"rotation": {"angle": 0, "axis": "y", "origin": [-16, 0, -16]},
			"faces": {
				"up": {"uv": [0.83333, 2.33333, 1, 2.5], "texture": "#7"},
				"down": {"uv": [0.83333, 2.5, 1, 2.33333], "texture": "#7"}
			}
		},
		{
			"name": "extrusion_66",
			"from": [-7, 0.01, -2],
			"to": [-6, 0.01, 0],
			"light_emission": 15,
			"rotation": {"angle": 0, "axis": "y", "origin": [-16, 0, -16]},
			"faces": {
				"up": {"uv": [1.5, 2.33333, 1.66667, 2.66667], "texture": "#7"},
				"down": {"uv": [1.5, 2.66667, 1.66667, 2.33333], "texture": "#7"}
			}
		},
		{
			"name": "extrusion_67",
			"from": [22, 0.01, -2],
			"to": [23, 0.01, 0],
			"light_emission": 15,
			"rotation": {"angle": 0, "axis": "y", "origin": [-16, 0, -16]},
			"faces": {
				"up": {"uv": [6.33333, 2.33333, 6.5, 2.66667], "texture": "#7"},
				"down": {"uv": [6.33333, 2.66667, 6.5, 2.33333], "texture": "#7"}
			}
		},
		{
			"name": "extrusion_68",
			"from": [26, 0.01, -2],
			"to": [27, 0.01, -1],
			"light_emission": 15,
			"rotation": {"angle": 0, "axis": "y", "origin": [-16, 0, -16]},
			"faces": {
				"up": {"uv": [7, 2.33333, 7.16667, 2.5], "texture": "#7"},
				"down": {"uv": [7, 2.5, 7.16667, 2.33333], "texture": "#7"}
			}
		},
		{
			"name": "extrusion_69",
			"from": [-15, 0.01, -1],
			"to": [-14, 0.01, 2],
			"light_emission": 15,
			"rotation": {"angle": 0, "axis": "y", "origin": [-16, 0, -16]},
			"faces": {
				"up": {"uv": [0.16667, 2.5, 0.33333, 3], "texture": "#7"},
				"down": {"uv": [0.16667, 3, 0.33333, 2.5], "texture": "#7"}
			}
		},
		{
			"name": "extrusion_70",
			"from": [-12, 0.01, -1],
			"to": [-11, 0.01, 0],
			"light_emission": 15,
			"rotation": {"angle": 0, "axis": "y", "origin": [-16, 0, -16]},
			"faces": {
				"up": {"uv": [0.66667, 2.5, 0.83333, 2.66667], "texture": "#7"},
				"down": {"uv": [0.66667, 2.66667, 0.83333, 2.5], "texture": "#7"}
			}
		},
		{
			"name": "extrusion_71",
			"from": [-10, 0.01, -1],
			"to": [-9, 0.01, 0],
			"light_emission": 15,
			"rotation": {"angle": 0, "axis": "y", "origin": [-16, 0, -16]},
			"faces": {
				"up": {"uv": [1, 2.5, 1.16667, 2.66667], "texture": "#7"},
				"down": {"uv": [1, 2.66667, 1.16667, 2.5], "texture": "#7"}
			}
		},
		{
			"name": "extrusion_72",
			"from": [25, 0.01, -1],
			"to": [26, 0.01, 0],
			"light_emission": 15,
			"rotation": {"angle": 0, "axis": "y", "origin": [-16, 0, -16]},
			"faces": {
				"up": {"uv": [6.83333, 2.5, 7, 2.66667], "texture": "#7"},
				"down": {"uv": [6.83333, 2.66667, 7, 2.5], "texture": "#7"}
			}
		},
		{
			"name": "extrusion_73",
			"from": [30, 0.01, -1],
			"to": [31, 0.01, 2],
			"light_emission": 15,
			"rotation": {"angle": 0, "axis": "y", "origin": [-16, 0, -16]},
			"faces": {
				"up": {"uv": [7.66667, 2.5, 7.83333, 3], "texture": "#7"},
				"down": {"uv": [7.66667, 3, 7.83333, 2.5], "texture": "#7"}
			}
		},
		{
			"name": "extrusion_74",
			"from": [-11, 0.01, 0],
			"to": [-10, 0.01, 2],
			"light_emission": 15,
			"rotation": {"angle": 0, "axis": "y", "origin": [-16, 0, -16]},
			"faces": {
				"up": {"uv": [0.83333, 2.66667, 1, 3], "texture": "#7"},
				"down": {"uv": [0.83333, 3, 1, 2.66667], "texture": "#7"}
			}
		},
		{
			"name": "extrusion_75",
			"from": [-8, 0.01, 0],
			"to": [-7, 0.01, 2],
			"light_emission": 15,
			"rotation": {"angle": 0, "axis": "y", "origin": [-16, 0, -16]},
			"faces": {
				"up": {"uv": [1.33333, 2.66667, 1.5, 3], "texture": "#7"},
				"down": {"uv": [1.33333, 3, 1.5, 2.66667], "texture": "#7"}
			}
		},
		{
			"name": "extrusion_76",
			"from": [23, 0.01, 0],
			"to": [24, 0.01, 2],
			"light_emission": 15,
			"rotation": {"angle": 0, "axis": "y", "origin": [-16, 0, -16]},
			"faces": {
				"up": {"uv": [6.5, 2.66667, 6.66667, 3], "texture": "#7"},
				"down": {"uv": [6.5, 3, 6.66667, 2.66667], "texture": "#7"}
			}
		},
		{
			"name": "extrusion_77",
			"from": [-12, 0.01, 1],
			"to": [-11, 0.01, 2],
			"light_emission": 15,
			"rotation": {"angle": 0, "axis": "y", "origin": [-16, 0, -16]},
			"faces": {
				"up": {"uv": [0.66667, 2.83333, 0.83333, 3], "texture": "#7"},
				"down": {"uv": [0.66667, 3, 0.83333, 2.83333], "texture": "#7"}
			}
		},
		{
			"name": "extrusion_78",
			"from": [-16, 0.01, 2],
			"to": [-15, 0.01, 14],
			"light_emission": 15,
			"rotation": {"angle": 0, "axis": "y", "origin": [-16, 0, -16]},
			"faces": {
				"up": {"uv": [0, 3, 0.16667, 5], "texture": "#7"},
				"down": {"uv": [0, 5, 0.16667, 3], "texture": "#7"}
			}
		},
		{
			"name": "extrusion_79",
			"from": [-9, 0.01, 2],
			"to": [-8, 0.01, 14],
			"light_emission": 15,
			"rotation": {"angle": 0, "axis": "y", "origin": [-16, 0, -16]},
			"faces": {
				"up": {"uv": [1.16667, 3, 1.33333, 5], "texture": "#7"},
				"down": {"uv": [1.16667, 5, 1.33333, 3], "texture": "#7"}
			}
		},
		{
			"name": "extrusion_80",
			"from": [24, 0.01, 2],
			"to": [25, 0.01, 14],
			"light_emission": 15,
			"rotation": {"angle": 0, "axis": "y", "origin": [-16, 0, -16]},
			"faces": {
				"up": {"uv": [6.66667, 3, 6.83333, 5], "texture": "#7"},
				"down": {"uv": [6.66667, 5, 6.83333, 3], "texture": "#7"}
			}
		},
		{
			"name": "extrusion_81",
			"from": [31, 0.01, 2],
			"to": [32, 0.01, 14],
			"light_emission": 15,
			"rotation": {"angle": 0, "axis": "y", "origin": [-16, 0, -16]},
			"faces": {
				"up": {"uv": [7.83333, 3, 8, 5], "texture": "#7"},
				"down": {"uv": [7.83333, 5, 8, 3], "texture": "#7"}
			}
		},
		{
			"name": "extrusion_82",
			"from": [28, 0.01, 3],
			"to": [29, 0.01, 5],
			"light_emission": 15,
			"rotation": {"angle": 0, "axis": "y", "origin": [-16, 0, -16]},
			"faces": {
				"up": {"uv": [7.33333, 3.16667, 7.5, 3.5], "texture": "#7"},
				"down": {"uv": [7.33333, 3.5, 7.5, 3.16667], "texture": "#7"}
			}
		},
		{
			"name": "extrusion_83",
			"from": [-14, 0.01, 4],
			"to": [-13, 0.01, 5],
			"light_emission": 15,
			"rotation": {"angle": 0, "axis": "y", "origin": [-16, 0, -16]},
			"faces": {
				"up": {"uv": [0.33333, 3.33333, 0.5, 3.5], "texture": "#7"},
				"down": {"uv": [0.33333, 3.5, 0.5, 3.33333], "texture": "#7"}
			}
		},
		{
			"name": "extrusion_84",
			"from": [-12, 0.01, 4],
			"to": [-11, 0.01, 5],
			"light_emission": 15,
			"rotation": {"angle": 0, "axis": "y", "origin": [-16, 0, -16]},
			"faces": {
				"up": {"uv": [0.66667, 3.33333, 0.83333, 3.5], "texture": "#7"},
				"down": {"uv": [0.66667, 3.5, 0.83333, 3.33333], "texture": "#7"}
			}
		},
		{
			"name": "extrusion_85",
			"from": [27, 0.01, 4],
			"to": [28, 0.01, 5],
			"light_emission": 15,
			"rotation": {"angle": 0, "axis": "y", "origin": [-16, 0, -16]},
			"faces": {
				"up": {"uv": [7.16667, 3.33333, 7.33333, 3.5], "texture": "#7"},
				"down": {"uv": [7.16667, 3.5, 7.33333, 3.33333], "texture": "#7"}
			}
		},
		{
			"name": "extrusion_86",
			"from": [-13, 0.01, 5],
			"to": [-12, 0.01, 6],
			"light_emission": 15,
			"rotation": {"angle": 0, "axis": "y", "origin": [-16, 0, -16]},
			"faces": {
				"up": {"uv": [0.5, 3.5, 0.66667, 3.66667], "texture": "#7"},
				"down": {"uv": [0.5, 3.66667, 0.66667, 3.5], "texture": "#7"}
			}
		},
		{
			"name": "extrusion_87",
			"from": [-15, 0.01, 7],
			"to": [-12, 0.01, 8],
			"light_emission": 15,
			"rotation": {"angle": 0, "axis": "y", "origin": [-16, 0, -16]},
			"faces": {
				"up": {"uv": [0.16667, 3.83333, 0.66667, 4], "texture": "#7"},
				"down": {"uv": [0.16667, 4, 0.66667, 3.83333], "texture": "#7"}
			}
		},
		{
			"name": "extrusion_88",
			"from": [25, 0.01, 7],
			"to": [28, 0.01, 8],
			"light_emission": 15,
			"rotation": {"angle": 0, "axis": "y", "origin": [-16, 0, -16]},
			"faces": {
				"up": {"uv": [6.83333, 3.83333, 7.33333, 4], "texture": "#7"},
				"down": {"uv": [6.83333, 4, 7.33333, 3.83333], "texture": "#7"}
			}
		},
		{
			"name": "extrusion_89",
			"from": [-12, 0.01, 8],
			"to": [-9, 0.01, 9],
			"light_emission": 15,
			"rotation": {"angle": 0, "axis": "y", "origin": [-16, 0, -16]},
			"faces": {
				"up": {"uv": [0.66667, 4, 1.16667, 4.16667], "texture": "#7"},
				"down": {"uv": [0.66667, 4.16667, 1.16667, 4], "texture": "#7"}
			}
		},
		{
			"name": "extrusion_90",
			"from": [28, 0.01, 8],
			"to": [31, 0.01, 9],
			"light_emission": 15,
			"rotation": {"angle": 0, "axis": "y", "origin": [-16, 0, -16]},
			"faces": {
				"up": {"uv": [7.33333, 4, 7.83333, 4.16667], "texture": "#7"},
				"down": {"uv": [7.33333, 4.16667, 7.83333, 4], "texture": "#7"}
			}
		},
		{
			"name": "extrusion_91",
			"from": [28, 0.01, 10],
			"to": [29, 0.01, 11],
			"light_emission": 15,
			"rotation": {"angle": 0, "axis": "y", "origin": [-16, 0, -16]},
			"faces": {
				"up": {"uv": [7.33333, 4.33333, 7.5, 4.5], "texture": "#7"},
				"down": {"uv": [7.33333, 4.5, 7.5, 4.33333], "texture": "#7"}
			}
		},
		{
			"name": "extrusion_92",
			"from": [-13, 0.01, 11],
			"to": [-11, 0.01, 12],
			"light_emission": 15,
			"rotation": {"angle": 0, "axis": "y", "origin": [-16, 0, -16]},
			"faces": {
				"up": {"uv": [0.5, 4.5, 0.83333, 4.66667], "texture": "#7"},
				"down": {"uv": [0.5, 4.66667, 0.83333, 4.5], "texture": "#7"}
			}
		},
		{
			"name": "extrusion_93",
			"from": [27, 0.01, 11],
			"to": [28, 0.01, 12],
			"light_emission": 15,
			"rotation": {"angle": 0, "axis": "y", "origin": [-16, 0, -16]},
			"faces": {
				"up": {"uv": [7.16667, 4.5, 7.33333, 4.66667], "texture": "#7"},
				"down": {"uv": [7.16667, 4.66667, 7.33333, 4.5], "texture": "#7"}
			}
		},
		{
			"name": "extrusion_94",
			"from": [29, 0.01, 11],
			"to": [30, 0.01, 12],
			"light_emission": 15,
			"rotation": {"angle": 0, "axis": "y", "origin": [-16, 0, -16]},
			"faces": {
				"up": {"uv": [7.5, 4.5, 7.66667, 4.66667], "texture": "#7"},
				"down": {"uv": [7.5, 4.66667, 7.66667, 4.5], "texture": "#7"}
			}
		},
		{
			"name": "extrusion_95",
			"from": [-13, 0.01, 12],
			"to": [-12, 0.01, 13],
			"light_emission": 15,
			"rotation": {"angle": 0, "axis": "y", "origin": [-16, 0, -16]},
			"faces": {
				"up": {"uv": [0.5, 4.66667, 0.66667, 4.83333], "texture": "#7"},
				"down": {"uv": [0.5, 4.83333, 0.66667, 4.66667], "texture": "#7"}
			}
		},
		{
			"name": "extrusion_96",
			"from": [-15, 0.01, 14],
			"to": [-14, 0.01, 17],
			"light_emission": 15,
			"rotation": {"angle": 0, "axis": "y", "origin": [-16, 0, -16]},
			"faces": {
				"up": {"uv": [0.16667, 5, 0.33333, 5.5], "texture": "#7"},
				"down": {"uv": [0.16667, 5.5, 0.33333, 5], "texture": "#7"}
			}
		},
		{
			"name": "extrusion_97",
			"from": [-8, 0.01, 14],
			"to": [-7, 0.01, 16],
			"light_emission": 15,
			"rotation": {"angle": 0, "axis": "y", "origin": [-16, 0, -16]},
			"faces": {
				"up": {"uv": [1.33333, 5, 1.5, 5.33333], "texture": "#7"},
				"down": {"uv": [1.33333, 5.33333, 1.5, 5], "texture": "#7"}
			}
		},
		{
			"name": "extrusion_98",
			"from": [23, 0.01, 14],
			"to": [24, 0.01, 16],
			"light_emission": 15,
			"rotation": {"angle": 0, "axis": "y", "origin": [-16, 0, -16]},
			"faces": {
				"up": {"uv": [6.5, 5, 6.66667, 5.33333], "texture": "#7"},
				"down": {"uv": [6.5, 5.33333, 6.66667, 5], "texture": "#7"}
			}
		},
		{
			"name": "extrusion_99",
			"from": [26, 0.01, 14],
			"to": [28, 0.01, 15],
			"light_emission": 15,
			"rotation": {"angle": 0, "axis": "y", "origin": [-16, 0, -16]},
			"faces": {
				"up": {"uv": [7, 5, 7.33333, 5.16667], "texture": "#7"},
				"down": {"uv": [7, 5.16667, 7.33333, 5], "texture": "#7"}
			}
		},
		{
			"name": "extrusion_100",
			"from": [30, 0.01, 14],
			"to": [31, 0.01, 17],
			"light_emission": 15,
			"rotation": {"angle": 0, "axis": "y", "origin": [-16, 0, -16]},
			"faces": {
				"up": {"uv": [7.66667, 5, 7.83333, 5.5], "texture": "#7"},
				"down": {"uv": [7.66667, 5.5, 7.83333, 5], "texture": "#7"}
			}
		},
		{
			"name": "extrusion_101",
			"from": [26, 0.01, 15],
			"to": [27, 0.01, 16],
			"light_emission": 15,
			"rotation": {"angle": 0, "axis": "y", "origin": [-16, 0, -16]},
			"faces": {
				"up": {"uv": [7, 5.16667, 7.16667, 5.33333], "texture": "#7"},
				"down": {"uv": [7, 5.33333, 7.16667, 5.16667], "texture": "#7"}
			}
		},
		{
			"name": "extrusion_102",
			"from": [-10, 0.01, 16],
			"to": [-9, 0.01, 17],
			"light_emission": 15,
			"rotation": {"angle": 0, "axis": "y", "origin": [-16, 0, -16]},
			"faces": {
				"up": {"uv": [1, 5.33333, 1.16667, 5.5], "texture": "#7"},
				"down": {"uv": [1, 5.5, 1.16667, 5.33333], "texture": "#7"}
			}
		},
		{
			"name": "extrusion_103",
			"from": [-7, 0.01, 16],
			"to": [-6, 0.01, 18],
			"light_emission": 15,
			"rotation": {"angle": 0, "axis": "y", "origin": [-16, 0, -16]},
			"faces": {
				"up": {"uv": [1.5, 5.33333, 1.66667, 5.66667], "texture": "#7"},
				"down": {"uv": [1.5, 5.66667, 1.66667, 5.33333], "texture": "#7"}
			}
		},
		{
			"name": "extrusion_104",
			"from": [22, 0.01, 16],
			"to": [23, 0.01, 18],
			"light_emission": 15,
			"rotation": {"angle": 0, "axis": "y", "origin": [-16, 0, -16]},
			"faces": {
				"up": {"uv": [6.33333, 5.33333, 6.5, 5.66667], "texture": "#7"},
				"down": {"uv": [6.33333, 5.66667, 6.5, 5.33333], "texture": "#7"}
			}
		},
		{
			"name": "extrusion_105",
			"from": [25, 0.01, 16],
			"to": [26, 0.01, 17],
			"light_emission": 15,
			"rotation": {"angle": 0, "axis": "y", "origin": [-16, 0, -16]},
			"faces": {
				"up": {"uv": [6.83333, 5.33333, 7, 5.5], "texture": "#7"},
				"down": {"uv": [6.83333, 5.5, 7, 5.33333], "texture": "#7"}
			}
		},
		{
			"name": "extrusion_106",
			"from": [27, 0.01, 16],
			"to": [28, 0.01, 17],
			"light_emission": 15,
			"rotation": {"angle": 0, "axis": "y", "origin": [-16, 0, -16]},
			"faces": {
				"up": {"uv": [7.16667, 5.33333, 7.33333, 5.5], "texture": "#7"},
				"down": {"uv": [7.16667, 5.5, 7.33333, 5.33333], "texture": "#7"}
			}
		},
		{
			"name": "extrusion_107",
			"from": [-14, 0.01, 17],
			"to": [-13, 0.01, 19],
			"light_emission": 15,
			"rotation": {"angle": 0, "axis": "y", "origin": [-16, 0, -16]},
			"faces": {
				"up": {"uv": [0.33333, 5.5, 0.5, 5.83333], "texture": "#7"},
				"down": {"uv": [0.33333, 5.83333, 0.5, 5.5], "texture": "#7"}
			}
		},
		{
			"name": "extrusion_108",
			"from": [-11, 0.01, 17],
			"to": [-10, 0.01, 18],
			"light_emission": 15,
			"rotation": {"angle": 0, "axis": "y", "origin": [-16, 0, -16]},
			"faces": {
				"up": {"uv": [0.83333, 5.5, 1, 5.66667], "texture": "#7"},
				"down": {"uv": [0.83333, 5.66667, 1, 5.5], "texture": "#7"}
			}
		},
		{
			"name": "extrusion_109",
			"from": [26, 0.01, 17],
			"to": [27, 0.01, 18],
			"light_emission": 15,
			"rotation": {"angle": 0, "axis": "y", "origin": [-16, 0, -16]},
			"faces": {
				"up": {"uv": [7, 5.5, 7.16667, 5.66667], "texture": "#7"},
				"down": {"uv": [7, 5.66667, 7.16667, 5.5], "texture": "#7"}
			}
		},
		{
			"name": "extrusion_110",
			"from": [29, 0.01, 17],
			"to": [30, 0.01, 19],
			"light_emission": 15,
			"rotation": {"angle": 0, "axis": "y", "origin": [-16, 0, -16]},
			"faces": {
				"up": {"uv": [7.5, 5.5, 7.66667, 5.83333], "texture": "#7"},
				"down": {"uv": [7.5, 5.83333, 7.66667, 5.5], "texture": "#7"}
			}
		},
		{
			"name": "extrusion_111",
			"from": [-6, 0.01, 18],
			"to": [-5, 0.01, 19],
			"light_emission": 15,
			"rotation": {"angle": 0, "axis": "y", "origin": [-16, 0, -16]},
			"faces": {
				"up": {"uv": [1.66667, 5.66667, 1.83333, 5.83333], "texture": "#7"},
				"down": {"uv": [1.66667, 5.83333, 1.83333, 5.66667], "texture": "#7"}
			}
		},
		{
			"name": "extrusion_112",
			"from": [21, 0.01, 18],
			"to": [22, 0.01, 19],
			"light_emission": 15,
			"rotation": {"angle": 0, "axis": "y", "origin": [-16, 0, -16]},
			"faces": {
				"up": {"uv": [6.16667, 5.66667, 6.33333, 5.83333], "texture": "#7"},
				"down": {"uv": [6.16667, 5.83333, 6.33333, 5.66667], "texture": "#7"}
			}
		},
		{
			"name": "extrusion_113",
			"from": [25, 0.01, 18],
			"to": [26, 0.01, 19],
			"light_emission": 15,
			"rotation": {"angle": 0, "axis": "y", "origin": [-16, 0, -16]},
			"faces": {
				"up": {"uv": [6.83333, 5.66667, 7, 5.83333], "texture": "#7"},
				"down": {"uv": [6.83333, 5.83333, 7, 5.66667], "texture": "#7"}
			}
		},
		{
			"name": "extrusion_114",
			"from": [-13, 0.01, 19],
			"to": [-12, 0.01, 21],
			"light_emission": 15,
			"rotation": {"angle": 0, "axis": "y", "origin": [-16, 0, -16]},
			"faces": {
				"up": {"uv": [0.5, 5.83333, 0.66667, 6.16667], "texture": "#7"},
				"down": {"uv": [0.5, 6.16667, 0.66667, 5.83333], "texture": "#7"}
			}
		},
		{
			"name": "extrusion_115",
			"from": [-8, 0.01, 19],
			"to": [-7, 0.01, 20],
			"light_emission": 15,
			"rotation": {"angle": 0, "axis": "y", "origin": [-16, 0, -16]},
			"faces": {
				"up": {"uv": [1.33333, 5.83333, 1.5, 6], "texture": "#7"},
				"down": {"uv": [1.33333, 6, 1.5, 5.83333], "texture": "#7"}
			}
		},
		{
			"name": "extrusion_116",
			"from": [-5, 0.01, 19],
			"to": [-4, 0.01, 21],
			"light_emission": 15,
			"rotation": {"angle": 0, "axis": "y", "origin": [-16, 0, -16]},
			"faces": {
				"up": {"uv": [1.83333, 5.83333, 2, 6.16667], "texture": "#7"},
				"down": {"uv": [1.83333, 6.16667, 2, 5.83333], "texture": "#7"}
			}
		},
		{
			"name": "extrusion_117",
			"from": [20, 0.01, 19],
			"to": [21, 0.01, 21],
			"light_emission": 15,
			"rotation": {"angle": 0, "axis": "y", "origin": [-16, 0, -16]},
			"faces": {
				"up": {"uv": [6, 5.83333, 6.16667, 6.16667], "texture": "#7"},
				"down": {"uv": [6, 6.16667, 6.16667, 5.83333], "texture": "#7"}
			}
		},
		{
			"name": "extrusion_118",
			"from": [28, 0.01, 19],
			"to": [29, 0.01, 21],
			"light_emission": 15,
			"rotation": {"angle": 0, "axis": "y", "origin": [-16, 0, -16]},
			"faces": {
				"up": {"uv": [7.33333, 5.83333, 7.5, 6.16667], "texture": "#7"},
				"down": {"uv": [7.33333, 6.16667, 7.5, 5.83333], "texture": "#7"}
			}
		},
		{
			"name": "extrusion_119",
			"from": [-4, 0.01, 20],
			"to": [-3, 0.01, 21],
			"light_emission": 15,
			"rotation": {"angle": 0, "axis": "y", "origin": [-16, 0, -16]},
			"faces": {
				"up": {"uv": [2, 6, 2.16667, 6.16667], "texture": "#7"},
				"down": {"uv": [2, 6.16667, 2.16667, 6], "texture": "#7"}
			}
		},
		{
			"name": "extrusion_120",
			"from": [19, 0.01, 20],
			"to": [20, 0.01, 21],
			"light_emission": 15,
			"rotation": {"angle": 0, "axis": "y", "origin": [-16, 0, -16]},
			"faces": {
				"up": {"uv": [5.83333, 6, 6, 6.16667], "texture": "#7"},
				"down": {"uv": [5.83333, 6.16667, 6, 6], "texture": "#7"}
			}
		},
		{
			"name": "extrusion_121",
			"from": [24, 0.01, 20],
			"to": [25, 0.01, 21],
			"light_emission": 15,
			"rotation": {"angle": 0, "axis": "y", "origin": [-16, 0, -16]},
			"faces": {
				"up": {"uv": [6.66667, 6, 6.83333, 6.16667], "texture": "#7"},
				"down": {"uv": [6.66667, 6.16667, 6.83333, 6], "texture": "#7"}
			}
		},
		{
			"name": "extrusion_122",
			"from": [-12, 0.01, 21],
			"to": [-11, 0.01, 23],
			"light_emission": 15,
			"rotation": {"angle": 0, "axis": "y", "origin": [-16, 0, -16]},
			"faces": {
				"up": {"uv": [0.66667, 6.16667, 0.83333, 6.5], "texture": "#7"},
				"down": {"uv": [0.66667, 6.5, 0.83333, 6.16667], "texture": "#7"}
			}
		},
		{
			"name": "extrusion_123",
			"from": [-9, 0.01, 21],
			"to": [-8, 0.01, 22],
			"light_emission": 15,
			"rotation": {"angle": 0, "axis": "y", "origin": [-16, 0, -16]},
			"faces": {
				"up": {"uv": [1.16667, 6.16667, 1.33333, 6.33333], "texture": "#7"},
				"down": {"uv": [1.16667, 6.33333, 1.33333, 6.16667], "texture": "#7"}
			}
		},
		{
			"name": "extrusion_124",
			"from": [-6, 0.01, 21],
			"to": [-5, 0.01, 22],
			"light_emission": 15,
			"rotation": {"angle": 0, "axis": "y", "origin": [-16, 0, -16]},
			"faces": {
				"up": {"uv": [1.66667, 6.16667, 1.83333, 6.33333], "texture": "#7"},
				"down": {"uv": [1.66667, 6.33333, 1.83333, 6.16667], "texture": "#7"}
			}
		},
		{
			"name": "extrusion_125",
			"from": [-3, 0.01, 21],
			"to": [-2, 0.01, 22],
			"light_emission": 15,
			"rotation": {"angle": 0, "axis": "y", "origin": [-16, 0, -16]},
			"faces": {
				"up": {"uv": [2.16667, 6.16667, 2.33333, 6.33333], "texture": "#7"},
				"down": {"uv": [2.16667, 6.33333, 2.33333, 6.16667], "texture": "#7"}
			}
		},
		{
			"name": "extrusion_126",
			"from": [18, 0.01, 21],
			"to": [19, 0.01, 22],
			"light_emission": 15,
			"rotation": {"angle": 0, "axis": "y", "origin": [-16, 0, -16]},
			"faces": {
				"up": {"uv": [5.66667, 6.16667, 5.83333, 6.33333], "texture": "#7"},
				"down": {"uv": [5.66667, 6.33333, 5.83333, 6.16667], "texture": "#7"}
			}
		},
		{
			"name": "extrusion_127",
			"from": [21, 0.01, 21],
			"to": [22, 0.01, 22],
			"light_emission": 15,
			"rotation": {"angle": 0, "axis": "y", "origin": [-16, 0, -16]},
			"faces": {
				"up": {"uv": [6.16667, 6.16667, 6.33333, 6.33333], "texture": "#7"},
				"down": {"uv": [6.16667, 6.33333, 6.33333, 6.16667], "texture": "#7"}
			}
		},
		{
			"name": "extrusion_128",
			"from": [27, 0.01, 21],
			"to": [28, 0.01, 23],
			"light_emission": 15,
			"rotation": {"angle": 0, "axis": "y", "origin": [-16, 0, -16]},
			"faces": {
				"up": {"uv": [7.16667, 6.16667, 7.33333, 6.5], "texture": "#7"},
				"down": {"uv": [7.16667, 6.5, 7.33333, 6.16667], "texture": "#7"}
			}
		},
		{
			"name": "extrusion_129",
			"from": [-7, 0.01, 22],
			"to": [-6, 0.01, 23],
			"light_emission": 15,
			"rotation": {"angle": 0, "axis": "y", "origin": [-16, 0, -16]},
			"faces": {
				"up": {"uv": [1.5, 6.33333, 1.66667, 6.5], "texture": "#7"},
				"down": {"uv": [1.5, 6.5, 1.66667, 6.33333], "texture": "#7"}
			}
		},
		{
			"name": "extrusion_130",
			"from": [-2, 0.01, 22],
			"to": [0, 0.01, 23],
			"light_emission": 15,
			"rotation": {"angle": 0, "axis": "y", "origin": [-16, 0, -16]},
			"faces": {
				"up": {"uv": [2.33333, 6.33333, 2.66667, 6.5], "texture": "#7"},
				"down": {"uv": [2.33333, 6.5, 2.66667, 6.33333], "texture": "#7"}
			}
		},
		{
			"name": "extrusion_131",
			"from": [16, 0.01, 22],
			"to": [18, 0.01, 23],
			"light_emission": 15,
			"rotation": {"angle": 0, "axis": "y", "origin": [-16, 0, -16]},
			"faces": {
				"up": {"uv": [5.33333, 6.33333, 5.66667, 6.5], "texture": "#7"},
				"down": {"uv": [5.33333, 6.5, 5.66667, 6.33333], "texture": "#7"}
			}
		},
		{
			"name": "extrusion_132",
			"from": [22, 0.01, 22],
			"to": [23, 0.01, 23],
			"light_emission": 15,
			"rotation": {"angle": 0, "axis": "y", "origin": [-16, 0, -16]},
			"faces": {
				"up": {"uv": [6.33333, 6.33333, 6.5, 6.5], "texture": "#7"},
				"down": {"uv": [6.33333, 6.5, 6.5, 6.33333], "texture": "#7"}
			}
		},
		{
			"name": "extrusion_133",
			"from": [-11, 0.01, 23],
			"to": [-10, 0.01, 24],
			"light_emission": 15,
			"rotation": {"angle": 0, "axis": "y", "origin": [-16, 0, -16]},
			"faces": {
				"up": {"uv": [0.83333, 6.5, 1, 6.66667], "texture": "#7"},
				"down": {"uv": [0.83333, 6.66667, 1, 6.5], "texture": "#7"}
			}
		},
		{
			"name": "extrusion_134",
			"from": [-8, 0.01, 23],
			"to": [-7, 0.01, 24],
			"light_emission": 15,
			"rotation": {"angle": 0, "axis": "y", "origin": [-16, 0, -16]},
			"faces": {
				"up": {"uv": [1.33333, 6.5, 1.5, 6.66667], "texture": "#7"},
				"down": {"uv": [1.33333, 6.66667, 1.5, 6.5], "texture": "#7"}
			}
		},
		{
			"name": "extrusion_135",
			"from": [0, 0.01, 23],
			"to": [2, 0.01, 24],
			"light_emission": 15,
			"rotation": {"angle": 0, "axis": "y", "origin": [-16, 0, -16]},
			"faces": {
				"up": {"uv": [2.66667, 6.5, 3, 6.66667], "texture": "#7"},
				"down": {"uv": [2.66667, 6.66667, 3, 6.5], "texture": "#7"}
			}
		},
		{
			"name": "extrusion_136",
			"from": [14, 0.01, 23],
			"to": [16, 0.01, 24],
			"light_emission": 15,
			"rotation": {"angle": 0, "axis": "y", "origin": [-16, 0, -16]},
			"faces": {
				"up": {"uv": [5, 6.5, 5.33333, 6.66667], "texture": "#7"},
				"down": {"uv": [5, 6.66667, 5.33333, 6.5], "texture": "#7"}
			}
		},
		{
			"name": "extrusion_137",
			"from": [19, 0.01, 23],
			"to": [20, 0.01, 24],
			"light_emission": 15,
			"rotation": {"angle": 0, "axis": "y", "origin": [-16, 0, -16]},
			"faces": {
				"up": {"uv": [5.83333, 6.5, 6, 6.66667], "texture": "#7"},
				"down": {"uv": [5.83333, 6.66667, 6, 6.5], "texture": "#7"}
			}
		},
		{
			"name": "extrusion_138",
			"from": [23, 0.01, 23],
			"to": [24, 0.01, 24],
			"light_emission": 15,
			"rotation": {"angle": 0, "axis": "y", "origin": [-16, 0, -16]},
			"faces": {
				"up": {"uv": [6.5, 6.5, 6.66667, 6.66667], "texture": "#7"},
				"down": {"uv": [6.5, 6.66667, 6.66667, 6.5], "texture": "#7"}
			}
		},
		{
			"name": "extrusion_139",
			"from": [26, 0.01, 23],
			"to": [27, 0.01, 24],
			"light_emission": 15,
			"rotation": {"angle": 0, "axis": "y", "origin": [-16, 0, -16]},
			"faces": {
				"up": {"uv": [7, 6.5, 7.16667, 6.66667], "texture": "#7"},
				"down": {"uv": [7, 6.66667, 7.16667, 6.5], "texture": "#7"}
			}
		},
		{
			"name": "extrusion_140",
			"from": [-10, 0.01, 24],
			"to": [-8, 0.01, 25],
			"light_emission": 15,
			"rotation": {"angle": 0, "axis": "y", "origin": [-16, 0, -16]},
			"faces": {
				"up": {"uv": [1, 6.66667, 1.33333, 6.83333], "texture": "#7"},
				"down": {"uv": [1, 6.83333, 1.33333, 6.66667], "texture": "#7"}
			}
		},
		{
			"name": "extrusion_141",
			"from": [-5, 0.01, 24],
			"to": [-4, 0.01, 25],
			"light_emission": 15,
			"rotation": {"angle": 0, "axis": "y", "origin": [-16, 0, -16]},
			"faces": {
				"up": {"uv": [1.83333, 6.66667, 2, 6.83333], "texture": "#7"},
				"down": {"uv": [1.83333, 6.83333, 2, 6.66667], "texture": "#7"}
			}
		},
		{
			"name": "extrusion_142",
			"from": [2, 0.01, 24],
			"to": [14, 0.01, 25],
			"light_emission": 15,
			"rotation": {"angle": 0, "axis": "y", "origin": [-16, 0, -16]},
			"faces": {
				"up": {"uv": [3, 6.66667, 5, 6.83333], "texture": "#7"},
				"down": {"uv": [3, 6.83333, 5, 6.66667], "texture": "#7"}
			}
		},
		{
			"name": "extrusion_143",
			"from": [21, 0.01, 24],
			"to": [22, 0.01, 25],
			"light_emission": 15,
			"rotation": {"angle": 0, "axis": "y", "origin": [-16, 0, -16]},
			"faces": {
				"up": {"uv": [6.16667, 6.66667, 6.33333, 6.83333], "texture": "#7"},
				"down": {"uv": [6.16667, 6.83333, 6.33333, 6.66667], "texture": "#7"}
			}
		},
		{
			"name": "extrusion_144",
			"from": [24, 0.01, 24],
			"to": [26, 0.01, 25],
			"light_emission": 15,
			"rotation": {"angle": 0, "axis": "y", "origin": [-16, 0, -16]},
			"faces": {
				"up": {"uv": [6.66667, 6.66667, 7, 6.83333], "texture": "#7"},
				"down": {"uv": [6.66667, 6.83333, 7, 6.66667], "texture": "#7"}
			}
		},
		{
			"name": "extrusion_145",
			"from": [-9, 0.01, 25],
			"to": [-8, 0.01, 26],
			"light_emission": 15,
			"rotation": {"angle": 0, "axis": "y", "origin": [-16, 0, -16]},
			"faces": {
				"up": {"uv": [1.16667, 6.83333, 1.33333, 7], "texture": "#7"},
				"down": {"uv": [1.16667, 7, 1.33333, 6.83333], "texture": "#7"}
			}
		},
		{
			"name": "extrusion_146",
			"from": [-3, 0.01, 25],
			"to": [-2, 0.01, 26],
			"light_emission": 15,
			"rotation": {"angle": 0, "axis": "y", "origin": [-16, 0, -16]},
			"faces": {
				"up": {"uv": [2.16667, 6.83333, 2.33333, 7], "texture": "#7"},
				"down": {"uv": [2.16667, 7, 2.33333, 6.83333], "texture": "#7"}
			}
		},
		{
			"name": "extrusion_147",
			"from": [-1, 0.01, 25],
			"to": [0, 0.01, 26],
			"light_emission": 15,
			"rotation": {"angle": 0, "axis": "y", "origin": [-16, 0, -16]},
			"faces": {
				"up": {"uv": [2.5, 6.83333, 2.66667, 7], "texture": "#7"},
				"down": {"uv": [2.5, 7, 2.66667, 6.83333], "texture": "#7"}
			}
		},
		{
			"name": "extrusion_148",
			"from": [8, 0.01, 25],
			"to": [9, 0.01, 28],
			"light_emission": 15,
			"rotation": {"angle": 0, "axis": "y", "origin": [-16, 0, -16]},
			"faces": {
				"up": {"uv": [4, 6.83333, 4.16667, 7.33333], "texture": "#7"},
				"down": {"uv": [4, 7.33333, 4.16667, 6.83333], "texture": "#7"}
			}
		},
		{
			"name": "extrusion_149",
			"from": [16, 0.01, 25],
			"to": [17, 0.01, 26],
			"light_emission": 15,
			"rotation": {"angle": 0, "axis": "y", "origin": [-16, 0, -16]},
			"faces": {
				"up": {"uv": [5.33333, 6.83333, 5.5, 7], "texture": "#7"},
				"down": {"uv": [5.33333, 7, 5.5, 6.83333], "texture": "#7"}
			}
		},
		{
			"name": "extrusion_150",
			"from": [24, 0.01, 25],
			"to": [25, 0.01, 26],
			"light_emission": 15,
			"rotation": {"angle": 0, "axis": "y", "origin": [-16, 0, -16]},
			"faces": {
				"up": {"uv": [6.66667, 6.83333, 6.83333, 7], "texture": "#7"},
				"down": {"uv": [6.66667, 7, 6.83333, 6.83333], "texture": "#7"}
			}
		},
		{
			"name": "extrusion_151",
			"from": [-8, 0.01, 26],
			"to": [-7, 0.01, 27],
			"light_emission": 15,
			"rotation": {"angle": 0, "axis": "y", "origin": [-16, 0, -16]},
			"faces": {
				"up": {"uv": [1.33333, 7, 1.5, 7.16667], "texture": "#7"},
				"down": {"uv": [1.33333, 7.16667, 1.5, 7], "texture": "#7"}
			}
		},
		{
			"name": "extrusion_152",
			"from": [-2, 0.01, 26],
			"to": [-1, 0.01, 27],
			"light_emission": 15,
			"rotation": {"angle": 0, "axis": "y", "origin": [-16, 0, -16]},
			"faces": {
				"up": {"uv": [2.33333, 7, 2.5, 7.16667], "texture": "#7"},
				"down": {"uv": [2.33333, 7.16667, 2.5, 7], "texture": "#7"}
			}
		},
		{
			"name": "extrusion_153",
			"from": [0, 0.01, 26],
			"to": [2, 0.01, 27],
			"light_emission": 15,
			"rotation": {"angle": 0, "axis": "y", "origin": [-16, 0, -16]},
			"faces": {
				"up": {"uv": [2.66667, 7, 3, 7.16667], "texture": "#7"},
				"down": {"uv": [2.66667, 7.16667, 3, 7], "texture": "#7"}
			}
		},
		{
			"name": "extrusion_154",
			"from": [17, 0.01, 26],
			"to": [18, 0.01, 27],
			"light_emission": 15,
			"rotation": {"angle": 0, "axis": "y", "origin": [-16, 0, -16]},
			"faces": {
				"up": {"uv": [5.5, 7, 5.66667, 7.16667], "texture": "#7"},
				"down": {"uv": [5.5, 7.16667, 5.66667, 7], "texture": "#7"}
			}
		},
		{
			"name": "extrusion_155",
			"from": [23, 0.01, 26],
			"to": [24, 0.01, 27],
			"light_emission": 15,
			"rotation": {"angle": 0, "axis": "y", "origin": [-16, 0, -16]},
			"faces": {
				"up": {"uv": [6.5, 7, 6.66667, 7.16667], "texture": "#7"},
				"down": {"uv": [6.5, 7.16667, 6.66667, 7], "texture": "#7"}
			}
		},
		{
			"name": "extrusion_156",
			"from": [-7, 0.01, 27],
			"to": [-5, 0.01, 28],
			"light_emission": 15,
			"rotation": {"angle": 0, "axis": "y", "origin": [-16, 0, -16]},
			"faces": {
				"up": {"uv": [1.5, 7.16667, 1.83333, 7.33333], "texture": "#7"},
				"down": {"uv": [1.5, 7.33333, 1.83333, 7.16667], "texture": "#7"}
			}
		},
		{
			"name": "extrusion_157",
			"from": [-1, 0.01, 27],
			"to": [0, 0.01, 28],
			"light_emission": 15,
			"rotation": {"angle": 0, "axis": "y", "origin": [-16, 0, -16]},
			"faces": {
				"up": {"uv": [2.5, 7.16667, 2.66667, 7.33333], "texture": "#7"},
				"down": {"uv": [2.5, 7.33333, 2.66667, 7.16667], "texture": "#7"}
			}
		},
		{
			"name": "extrusion_158",
			"from": [1, 0.01, 27],
			"to": [2, 0.01, 28],
			"light_emission": 15,
			"rotation": {"angle": 0, "axis": "y", "origin": [-16, 0, -16]},
			"faces": {
				"up": {"uv": [2.83333, 7.16667, 3, 7.33333], "texture": "#7"},
				"down": {"uv": [2.83333, 7.33333, 3, 7.16667], "texture": "#7"}
			}
		},
		{
			"name": "extrusion_159",
			"from": [4, 0.01, 27],
			"to": [5, 0.01, 28],
			"light_emission": 15,
			"rotation": {"angle": 0, "axis": "y", "origin": [-16, 0, -16]},
			"faces": {
				"up": {"uv": [3.33333, 7.16667, 3.5, 7.33333], "texture": "#7"},
				"down": {"uv": [3.33333, 7.33333, 3.5, 7.16667], "texture": "#7"}
			}
		},
		{
			"name": "extrusion_160",
			"from": [11, 0.01, 27],
			"to": [12, 0.01, 29],
			"light_emission": 15,
			"rotation": {"angle": 0, "axis": "y", "origin": [-16, 0, -16]},
			"faces": {
				"up": {"uv": [4.5, 7.16667, 4.66667, 7.5], "texture": "#7"},
				"down": {"uv": [4.5, 7.5, 4.66667, 7.16667], "texture": "#7"}
			}
		},
		{
			"name": "extrusion_161",
			"from": [21, 0.01, 27],
			"to": [23, 0.01, 28],
			"light_emission": 15,
			"rotation": {"angle": 0, "axis": "y", "origin": [-16, 0, -16]},
			"faces": {
				"up": {"uv": [6.16667, 7.16667, 6.5, 7.33333], "texture": "#7"},
				"down": {"uv": [6.16667, 7.33333, 6.5, 7.16667], "texture": "#7"}
			}
		},
		{
			"name": "extrusion_162",
			"from": [-5, 0.01, 28],
			"to": [-3, 0.01, 29],
			"light_emission": 15,
			"rotation": {"angle": 0, "axis": "y", "origin": [-16, 0, -16]},
			"faces": {
				"up": {"uv": [1.83333, 7.33333, 2.16667, 7.5], "texture": "#7"},
				"down": {"uv": [1.83333, 7.5, 2.16667, 7.33333], "texture": "#7"}
			}
		},
		{
			"name": "extrusion_163",
			"from": [5, 0.01, 28],
			"to": [6, 0.01, 29],
			"light_emission": 15,
			"rotation": {"angle": 0, "axis": "y", "origin": [-16, 0, -16]},
			"faces": {
				"up": {"uv": [3.5, 7.33333, 3.66667, 7.5], "texture": "#7"},
				"down": {"uv": [3.5, 7.5, 3.66667, 7.33333], "texture": "#7"}
			}
		},
		{
			"name": "extrusion_164",
			"from": [7, 0.01, 28],
			"to": [8, 0.01, 32],
			"light_emission": 15,
			"rotation": {"angle": 0, "axis": "y", "origin": [-16, 0, -16]},
			"faces": {
				"up": {"uv": [3.83333, 7.33333, 4, 8], "texture": "#7"},
				"down": {"uv": [3.83333, 8, 4, 7.33333], "texture": "#7"}
			}
		},
		{
			"name": "extrusion_165",
			"from": [12, 0.01, 28],
			"to": [13, 0.01, 29],
			"light_emission": 15,
			"rotation": {"angle": 0, "axis": "y", "origin": [-16, 0, -16]},
			"faces": {
				"up": {"uv": [4.66667, 7.33333, 4.83333, 7.5], "texture": "#7"},
				"down": {"uv": [4.66667, 7.5, 4.83333, 7.33333], "texture": "#7"}
			}
		},
		{
			"name": "extrusion_166",
			"from": [19, 0.01, 28],
			"to": [21, 0.01, 29],
			"light_emission": 15,
			"rotation": {"angle": 0, "axis": "y", "origin": [-16, 0, -16]},
			"faces": {
				"up": {"uv": [5.83333, 7.33333, 6.16667, 7.5], "texture": "#7"},
				"down": {"uv": [5.83333, 7.5, 6.16667, 7.33333], "texture": "#7"}
			}
		},
		{
			"name": "extrusion_167",
			"from": [-3, 0.01, 29],
			"to": [-1, 0.01, 30],
			"light_emission": 15,
			"rotation": {"angle": 0, "axis": "y", "origin": [-16, 0, -16]},
			"faces": {
				"up": {"uv": [2.16667, 7.5, 2.5, 7.66667], "texture": "#7"},
				"down": {"uv": [2.16667, 7.66667, 2.5, 7.5], "texture": "#7"}
			}
		},
		{
			"name": "extrusion_168",
			"from": [4, 0.01, 29],
			"to": [5, 0.01, 30],
			"light_emission": 15,
			"rotation": {"angle": 0, "axis": "y", "origin": [-16, 0, -16]},
			"faces": {
				"up": {"uv": [3.33333, 7.5, 3.5, 7.66667], "texture": "#7"},
				"down": {"uv": [3.33333, 7.66667, 3.5, 7.5], "texture": "#7"}
			}
		},
		{
			"name": "extrusion_169",
			"from": [17, 0.01, 29],
			"to": [19, 0.01, 30],
			"light_emission": 15,
			"rotation": {"angle": 0, "axis": "y", "origin": [-16, 0, -16]},
			"faces": {
				"up": {"uv": [5.5, 7.5, 5.83333, 7.66667], "texture": "#7"},
				"down": {"uv": [5.5, 7.66667, 5.83333, 7.5], "texture": "#7"}
			}
		},
		{
			"name": "extrusion_170",
			"from": [-1, 0.01, 30],
			"to": [2, 0.01, 31],
			"light_emission": 15,
			"rotation": {"angle": 0, "axis": "y", "origin": [-16, 0, -16]},
			"faces": {
				"up": {"uv": [2.5, 7.66667, 3, 7.83333], "texture": "#7"},
				"down": {"uv": [2.5, 7.83333, 3, 7.66667], "texture": "#7"}
			}
		},
		{
			"name": "extrusion_171",
			"from": [14, 0.01, 30],
			"to": [17, 0.01, 31],
			"light_emission": 15,
			"rotation": {"angle": 0, "axis": "y", "origin": [-16, 0, -16]},
			"faces": {
				"up": {"uv": [5, 7.66667, 5.5, 7.83333], "texture": "#7"},
				"down": {"uv": [5, 7.83333, 5.5, 7.66667], "texture": "#7"}
			}
		},
		{
			"name": "extrusion_172",
			"from": [2, 0.01, 31],
			"to": [7, 0.01, 32],
			"light_emission": 15,
			"rotation": {"angle": 0, "axis": "y", "origin": [-16, 0, -16]},
			"faces": {
				"up": {"uv": [3, 7.83333, 3.83333, 8], "texture": "#7"},
				"down": {"uv": [3, 8, 3.83333, 7.83333], "texture": "#7"}
			}
		},
		{
			"name": "extrusion_173",
			"from": [8, 0.01, 31],
			"to": [14, 0.01, 32],
			"light_emission": 15,
			"rotation": {"angle": 0, "axis": "y", "origin": [-16, 0, -16]},
			"faces": {
				"up": {"uv": [4, 7.83333, 5, 8], "texture": "#7"},
				"down": {"uv": [4, 8, 5, 7.83333], "texture": "#7"}
			}
		}
	],
	"groups": [
		{
			"name": "extrusion",
			"origin": [8, 8, 8],
			"color": 0,
			"children": [
				0,
				1,
				2,
				3,
				4,
				5,
				6,
				7,
				8,
				9,
				10,
				11,
				12,
				13,
				14,
				15,
				16,
				17,
				18,
				19,
				20,
				21,
				22,
				23,
				24,
				25,
				26,
				27,
				28,
				29,
				30,
				31,
				32,
				33,
				34,
				35,
				36,
				37,
				38,
				39,
				40,
				41,
				42,
				43,
				44,
				45,
				46,
				47,
				48,
				49,
				50,
				51,
				52,
				53,
				54,
				55,
				56,
				57,
				58,
				59,
				60,
				61,
				62,
				63,
				64,
				65,
				66,
				67,
				68,
				69,
				70,
				71,
				72,
				73,
				74,
				75,
				76,
				77,
				78,
				79,
				80,
				81,
				82,
				83,
				84,
				85,
				86,
				87,
				88,
				89,
				90,
				91,
				92,
				93,
				94,
				95,
				96,
				97,
				98,
				99,
				100,
				101,
				102,
				103,
				104,
				105,
				106,
				107,
				108,
				109,
				110,
				111,
				112,
				113,
				114,
				115,
				116,
				117,
				118,
				119,
				120,
				121,
				122,
				123,
				124,
				125,
				126,
				127,
				128,
				129,
				130,
				131,
				132,
				133,
				134,
				135,
				136,
				137,
				138,
				139,
				140,
				141,
				142,
				143,
				144,
				145,
				146,
				147,
				148,
				149,
				150,
				151,
				152,
				153,
				154,
				155,
				156,
				157,
				158,
				159,
				160,
				161,
				162,
				163,
				164,
				165,
				166,
				167,
				168,
				169,
				170,
				171,
				172,
				173
			]
		}
	]
}