{
	"credit": "Made with Blockbench",
	"ambientocclusion": false,
	"textures": {
		"2": "block/redstone_torch_off",
		"particle": "block/redstone_torch_off"
	},
	"elements": [
		{
			"from": [-1, 11.5, 7],
			"to": [1, 13.5, 9],
			"shade": false,
			"rotation": {"angle": -22.5, "axis": "z", "origin": [0, 3.5, 8]},
			"faces": {
				"north": {"uv": [7, 5, 9, 7], "texture": "#2"},
				"east": {"uv": [7, 5, 9, 7], "texture": "#2"},
				"south": {"uv": [7, 5, 9, 7], "texture": "#2"},
				"west": {"uv": [7, 5, 9, 7], "texture": "#2"},
				"up": {"uv": [7, 3, 9, 5], "texture": "#2"},
				"down": {"uv": [7, 5, 9, 7], "texture": "#2"}
			}
		},
		{
			"from": [-1, 3.5, 7],
			"to": [1, 11.5, 9],
			"rotation": {"angle": -22.5, "axis": "z", "origin": [0, 3.5, 8]},
			"faces": {
				"north": {"uv": [7, 7, 9, 15], "texture": "#2"},
				"east": {"uv": [7, 7, 9, 15], "texture": "#2"},
				"south": {"uv": [7, 7, 9, 15], "texture": "#2"},
				"west": {"uv": [7, 7, 9, 15], "texture": "#2"},
				"up": {"uv": [7, 7, 9, 9], "texture": "#2"},
				"down": {"uv": [7, 13, 9, 15], "texture": "#2"}
			}
		}
	]
}