{
	"credit": "Made with Blockbench",
	"ambientocclusion": false,
	"textures": {
		"line": "block/redstone_dust_line0",
		"particle": "block/redstone_dust_dot"
	},
	"elements": [
		{
			"from": [6, 0, 8],
			"to": [10, 1, 16],
			"shade": false,
			"faces": {
				"north": {"uv": [6, 8, 10, 9], "texture": "#line", "tintindex": 0},
				"east": {"uv": [9, 8, 10, 16], "rotation": 90, "texture": "#line", "tintindex": 0},
				"south": {"uv": [6, 8, 10, 9], "texture": "#line", "tintindex": 0},
				"west": {"uv": [6, 8, 7, 16], "rotation": 90, "texture": "#line", "tintindex": 0},
				"up": {"uv": [6, 8, 10, 16], "texture": "#line", "tintindex": 0},
				"down": {"uv": [6, 8, 10, 16], "texture": "#line", "tintindex": 0}
			}
		}
	]
}