{
    "credit": "Made by P4ncake",
    "ambientocclusion": false,
    "textures": {
        "line": "block/redstone_dust_line0_2",
        "particle": "block/redstone_dust_dot_2"
    },
    "elements": [
        {
            "from": [
                6,
                0,
                0
            ],
            "to": [
                10,
                16,
                1
            ],
            "shade": false,
            "faces": {
                "north": {
                    "uv": [
                        10,
                        0,
                        6,
                        16
                    ],
                    "texture": "#line"
                },
                "east": {
                    "uv": [
                        7,
                        0,
                        6,
                        16
                    ],
                    "texture": "#line"
                },
                "south": {
                    "uv": [
                        10,
                        0,
                        6,
                        16
                    ],
                    "texture": "#line"
                },
                "west": {
                    "uv": [
                        10,
                        0,
                        9,
                        16
                    ],
                    "texture": "#line"
                },
                "up": {
                    "uv": [
                        10,
                        0,
                        6,
                        1
                    ],
                    "texture": "#line"
                },
                "down": {
                    "uv": [
                        10,
                        15,
                        6,
                        16
                    ],
                    "texture": "#line"
                }
            }
        }
    ]
}