{
	"credit": "Made with Blockbench",
	"ambientocclusion": false,
	"textures": {
		"slab": "block/smooth_stone",
		"particle": "block/repeater_on",
		"top": "block/repeater_on",
		"lit": "block/redstone_torch",
		"lock": "block/bedrock"
	},
	"elements": [
		{
			"from": [0, 0, 0],
			"to": [16, 2, 16],
			"faces": {
				"north": {"uv": [0, 14, 16, 16], "texture": "#slab", "cullface": "north"},
				"east": {"uv": [0, 14, 16, 16], "texture": "#slab", "cullface": "east"},
				"south": {"uv": [0, 14, 16, 16], "texture": "#slab", "cullface": "south"},
				"west": {"uv": [0, 14, 16, 16], "texture": "#slab", "cullface": "west"},
				"up": {"uv": [0, 0, 16, 16], "texture": "#top"},
				"down": {"uv": [0, 0, 16, 16], "texture": "#slab", "cullface": "down"}
			}
		},
		{
			"from": [2, 2, 6],
			"to": [14, 4, 8],
			"faces": {
				"north": {"uv": [2, 7, 14, 9], "texture": "#lock"},
				"east": {"uv": [6, 7, 8, 9], "texture": "#lock"},
				"south": {"uv": [2, 7, 14, 9], "texture": "#lock"},
				"west": {"uv": [6, 7, 8, 9], "texture": "#lock"},
				"up": {"uv": [7, 2, 9, 14], "rotation": 90, "texture": "#lock"},
				"down": {"uv": [7, 2, 9, 14], "rotation": 90, "texture": "#lock"}
			}
		},
		{
			"from": [6.9, 4.9, 1.9],
			"to": [9.1, 7.1, 4.1],
			"shade": false,
			"rotation": {"angle": 0, "axis": "y", "origin": [7, 5, 2]},
			"faces": {
				"north": {"uv": [7, 5, 9, 7], "texture": "#lit"},
				"east": {"uv": [7, 5, 9, 7], "texture": "#lit"},
				"south": {"uv": [7, 5, 9, 7], "texture": "#lit"},
				"west": {"uv": [7, 5, 9, 7], "texture": "#lit"},
				"up": {"uv": [7, 3, 9, 5], "texture": "#lit"},
				"down": {"uv": [7, 5, 9, 7], "texture": "#lit"}
			}
		},
		{
			"from": [9.75, 7.75, 4.75],
			"to": [6.25, 4.25, 1.25],
			"shade": false,
			"light_emission": 15,
			"rotation": {"angle": 0, "axis": "y", "origin": [10, 8, 5]},
			"faces": {
				"north": {"uv": [0, 0, 4, 4], "rotation": 180, "texture": "#lit"},
				"east": {"uv": [0, 0, 4, 4], "rotation": 180, "texture": "#lit"},
				"south": {"uv": [0, 0, 4, 4], "rotation": 180, "texture": "#lit"},
				"west": {"uv": [0, 0, 4, 4], "rotation": 180, "texture": "#lit"},
				"up": {"uv": [1, 2, 3, 4], "rotation": 180, "texture": "#lit"},
				"down": {"uv": [1, 0, 3, 2], "rotation": 180, "texture": "#lit"}
			}
		},
		{
			"from": [7, 2, 2],
			"to": [9, 4.25, 4],
			"rotation": {"angle": 0, "axis": "y", "origin": [0, -3, -5]},
			"faces": {
				"north": {"uv": [7, 7.75, 9, 10], "texture": "#lit"},
				"east": {"uv": [7, 7.75, 9, 10], "texture": "#lit"},
				"south": {"uv": [7, 7.75, 9, 10], "texture": "#lit"},
				"west": {"uv": [7, 7.75, 9, 10], "texture": "#lit"},
				"up": {"uv": [0, 4, 2, 6], "texture": "#lit"},
				"down": {"uv": [7, 13, 9, 15], "texture": "#lit"}
			}
		}
	]
}