{
  "model": {
    "type": "minecraft:select",
    "cases": [
      {
        "model": {
          "type": "minecraft:model",
          "model": "minecraft:item/leather_leggings_quartz_trim",
          "tints": [
            {
              "type": "minecraft:dye",
              "default": -6265536
            }
          ]
        },
        "when": "minecraft:quartz"
      },
      {
        "model": {
          "type": "minecraft:model",
          "model": "minecraft:item/leather_leggings_iron_trim",
          "tints": [
            {
              "type": "minecraft:dye",
              "default": -6265536
            }
          ]
        },
        "when": "minecraft:iron"
      },
      {
        "model": {
          "type": "minecraft:model",
          "model": "minecraft:item/leather_leggings_netherite_trim",
          "tints": [
            {
              "type": "minecraft:dye",
              "default": -6265536
            }
          ]
        },
        "when": "minecraft:netherite"
      },
      {
        "model": {
          "type": "minecraft:model",
          "model": "minecraft:item/leather_leggings_redstone_trim",
          "tints": [
            {
              "type": "minecraft:dye",
              "default": -6265536
            }
          ]
        },
        "when": "minecraft:redstone"
      },
      {
        "model": {
          "type": "minecraft:model",
          "model": "minecraft:item/leather_leggings_copper_trim",
          "tints": [
            {
              "type": "minecraft:dye",
              "default": -6265536
            }
          ]
        },
        "when": "minecraft:copper"
      },
      {
        "model": {
          "type": "minecraft:model",
          "model": "minecraft:item/leather_leggings_gold_trim",
          "tints": [
            {
              "type": "minecraft:dye",
              "default": -6265536
            }
          ]
        },
        "when": "minecraft:gold"
      },
      {
        "model": {
          "type": "minecraft:model",
          "model": "minecraft:item/leather_leggings_emerald_trim",
          "tints": [
            {
              "type": "minecraft:dye",
              "default": -6265536
            }
          ]
        },
        "when": "minecraft:emerald"
      },
      {
        "model": {
          "type": "minecraft:model",
          "model": "minecraft:item/leather_leggings_diamond_trim",
          "tints": [
            {
              "type": "minecraft:dye",
              "default": -6265536
            }
          ]
        },
        "when": "minecraft:diamond"
      },
      {
        "model": {
          "type": "minecraft:model",
          "model": "minecraft:item/leather_leggings_lapis_trim",
          "tints": [
            {
              "type": "minecraft:dye",
              "default": -6265536
            }
          ]
        },
        "when": "minecraft:lapis"
      },
      {
        "model": {
          "type": "minecraft:model",
          "model": "minecraft:item/leather_leggings_amethyst_trim",
          "tints": [
            {
              "type": "minecraft:dye",
              "default": -6265536
            }
          ]
        },
        "when": "minecraft:amethyst"
      },
      {
        "model": {
          "type": "minecraft:model",
          "model": "minecraft:item/leather_leggings_resin_trim",
          "tints": [
            {
              "type": "minecraft:dye",
              "default": -6265536
            }
          ]
        },
        "when": "minecraft:resin"
      }
    ],
    "property": "minecraft:trim_material",
    "fallback": {
      "type": "minecraft:condition",
      "property": "minecraft:has_component",
      "component": "minecraft:dyed_color",
      "on_true": {
        "type": "minecraft:select",
        "property": "minecraft:component",
        "component": "minecraft:dyed_color",
        "cases": [
          {
            "when": 16383998,
            "model": {
              "type": "minecraft:model",
              "model": "item/white_leather_leggings"
            }
          },
          {
            "when": 10329495,
            "model": {
              "type": "minecraft:model",
              "model": "item/light_gray_leather_leggings"
            }
          },
          {
            "when": 4673362,
            "model": {
              "type": "minecraft:model",
              "model": "item/gray_leather_leggings"
            }
          },
          {
            "when": 1908001,
            "model": {
              "type": "minecraft:model",
              "model": "item/black_leather_leggings"
            }
          },
          {
            "when": 8606770,
            "model": {
              "type": "minecraft:model",
              "model": "item/brown_leather_leggings"
            }
          },
          {
            "when": 11546150,
            "model": {
              "type": "minecraft:model",
              "model": "item/red_leather_leggings"
            }
          },
          {
            "when": 16351261,
            "model": {
              "type": "minecraft:model",
              "model": "item/orange_leather_leggings"
            }
          },
          {
            "when": 16701501,
            "model": {
              "type": "minecraft:model",
              "model": "item/yellow_leather_leggings"
            }
          },
          {
            "when": 8439583,
            "model": {
              "type": "minecraft:model",
              "model": "item/lime_leather_leggings"
            }
          },
          {
            "when": 6192150,
            "model": {
              "type": "minecraft:model",
              "model": "item/green_leather_leggings"
            }
          },
          {
            "when": 1481884,
            "model": {
              "type": "minecraft:model",
              "model": "item/cyan_leather_leggings"
            }
          },
          {
            "when": 3847130,
            "model": {
              "type": "minecraft:model",
              "model": "item/light_blue_leather_leggings"
            }
          },
          {
            "when": 3949738,
            "model": {
              "type": "minecraft:model",
              "model": "item/blue_leather_leggings"
            }
          },
          {
            "when": 8991416,
            "model": {
              "type": "minecraft:model",
              "model": "item/purple_leather_leggings"
            }
          },
          {
            "when": 13061821,
            "model": {
              "type": "minecraft:model",
              "model": "item/magenta_leather_leggings"
            }
          },
          {
            "when": 15961002,
            "model": {
              "type": "minecraft:model",
              "model": "item/pink_leather_leggings"
            }
          }
        ],
        "fallback": {
          "type": "minecraft:model",
          "model": "minecraft:item/leather_leggings",
          "tints": [
            {
              "type": "minecraft:dye",
              "default": -6265536
            }
          ]
        }
      },
      "on_false": {
        "type": "minecraft:model",
        "model": "minecraft:item/default_leather_leggings"
      }
    }
  }
}